numero_facture,date,client,tva_perc,valeur_nette,tva,valeur_brute
52701374,06/29/2018,"Daniel Group Sheppard, Snyder and Solomon",10.0,95.43,9.54,104.97
94067363,03/21/2017,Vazquez-Tucker,10.0,134.95,13.49,148.44
30221274,03/05/2021,Henry-Malone,10.0,20.0,2.0,22.0
58269935,11/12/2017,Stephens LLC,10.0,416.28,41.63,457.91
92608297,03/03/2019,Yates PLC,10.0,7463.97,746.4,8210.37
61809225,10/24/2015,Garcia Ltd,10.0,5709.09,570.91,6280.0
25796631,07/03/2013,Rogers-Jones,10.0,20.0,2.0,22.0
46775557,04/05/2019,"Roberts, Smith and Rogers Rose Ltd",10.0,72.98,7.3,80.28
38631441,02/08/2016,UM,10.0,3309.87,330.99,3640.86
26871861,05/15/2014,Johnson Inc,10.0,77.96,7.8,85.76
99314100,06/25/2014,UM,10.0,5975.75,597.58,6573.32
68357221,09/26/2013,Edwards-Morris,10.0,12.5,1.25,13.75
16253735,09/28/2014,"Powell, Baker and Mills Grant PLC",10.0,5649.9,564.99,6214.89
87973938,11/19/2015,UM,10.0,479.96,48.0,527.96
25194747,05/19/2018,Preston-Webster,10.0,138.97,13.9,152.87
71561544,10/27/2019,Downs-Harvey,10.0,4144.24,414.42,4558.66
33965841,11/27/2017,"Hanson, Mathews and Brown",10.0,207.36,20.74,228.1
90172850,09/22/2012,"Johnson, Johnson and Clark Morgan, Farmer and Cook",10.0,65.42,6.54,71.96
48844293,10/31/2020,Hansen-Barrett,10.0,775.0,77.5,852.5
26248685,05/26/2018,"Baker Inc Mitchell, Hill and Strickland",10.0,281.0,28.1,309.1
10457894,08/21/2012,Morgan-Houston,10.0,195.49,19.55,215.04
43453121,03/24/2021,"Moran, Taylor and Myers",10.0,8.99,0.9,9.89
27166082,09/29/2020,"Jones, Anderson and Santana",10.0,14366.6,1436.66,15803.26
29311476,04/17/2016,"Newman, Elliott and Nelson",10.0,178.56,17.86,196.42
31386585,02/03/2021,Bruce-Reid,10.0,199.98,20.0,219.98
40108666,02/07/2020,"Bailey, Murray and Lewis Hester Inc",10.0,452.92,45.29,498.21
12335640,12/31/2018,Tapia Inc,10.0,351.9,35.19,387.09
13110923,12/21/2013,"Cruz, Meyer and Quinn Hodges, Lang and Thompson",10.0,27808.0,2780.8,30588.8
95894022,07/17/2014,"Cruz, Miller and Brown",10.0,153.95,15.39,169.34
75703845,05/20/2019,"Aguilar, Brown and Ray",10.0,2205.34,220.53,2425.87
34069390,05/09/2016,"Benton PLC Fuller, Thomas and Green",10.0,3884.47,388.45,4272.92
56379795,10/06/2019,Lee-Howell,10.0,171.19,17.12,188.31
91445086,,Randolph LLC,10.0,164.43,16.44,180.87
35014787,01/17/2012,"Rich, Bentley and Schmidt Avila and Sons",10.0,142.23,14.22,156.45
88834769,08/18/2011,Gonzales PLC,10.0,33.98,3.4,37.38
28488969,01/04/2019,Reid Ltd Maldonado-Berger,10.0,103580.37,10358.04,113938.41
20012449,04/22/2013,Combs Inc,10.0,327.8,32.78,360.58
94588842,06/02/2011,"Khan, Moore and Peterson",10.0,21.82,2.18,24.0
60552183,02/01/2020,Moreno-Black,10.0,36340.37,3634.04,39974.41
89559338,05/16/2012,Arroyo-Fletcher,10.0,2729.98,273.0,3002.98
35992997,02/01/2017,Clark-Herring,10.0,24000.0,2400.0,26400.0
65937088,07/14/2011,"Barnes, Davis and Daniel",10.0,1030.49,103.05,1133.54
93053660,10/09/2014,James LLC Barnes LLC,10.0,340.95,34.09,375.04
26110076,05/20/2012,Turner-Palmer,10.0,1506.89,150.69,1657.58
96051364,04/28/2020,"Williams, Fowler and Phillips",10.0,143572.15,14357.22,157929.36
99096943,10/08/2018,Hughes-Hernandez Walker Group,10.0,210.35,21.04,231.38
38710038,07/27/2013,"Miller, Baldwin and Nichols",10.0,444.78,44.48,489.26
23876575,07/11/2016,"Simpson, Barton and Barnes",10.0,3423.69,342.37,3766.06
13187294,10/08/2013,Lopez Group,10.0,100.91,10.09,111.0
70284416,04/15/2012,Marshall-Perez,10.0,29.97,3.0,32.97
48142412,02/02/2014,"Park, Sullivan and Bernard",10.0,31111.67,3111.17,34222.84
63131640,06/21/2015,"Richards, Williams and Houston",10.0,673.35,67.34,740.69
36033621,04/18/2017,Mitchell and Sons,10.0,221.55,22.16,243.71
66666492,,Hurst LLC,10.0,165.0,16.5,181.5
94006791,09/10/2012,"Todd, Green and Jackson Holland, Griffin and Coleman",10.0,764.95,76.5,841.45
64197871,,"Thomas, Cook and Douglas",10.0,835.93,83.59,919.52
44048791,06/30/2015,Smith-Wells,10.0,11777.83,1177.78,12955.61
98396639,02/27/2012,Crawford PLC,10.0,16922.13,1692.21,18614.34
59932057,01/17/2021,Navarro-Jensen Jones Inc,10.0,18120.0,1812.0,19932.0
51783813,01/26/2017,Johnson-Evans Marshall-Flores,10.0,822.42,82.24,904.66
57338979,05/10/2021,Santana-Sherman,10.0,13717.81,1371.78,15089.59
72591450,05/13/2012,"Bishop, Kelley and Wright Allen, Murray and Carroll",10.0,4802.89,480.29,5283.18
26889356,07/21/2011,"Mcintyre-Cox Rivera, Santiago and Brown",10.0,111.02,11.1,122.12
96192536,06/12/2011,"Haas, Garcia and White",10.0,132.67,13.27,145.94
20850516,07/10/2017,"Duncan, Mendoza and Mitchell",10.0,177.55,17.76,195.31
54795998,04/24/2012,"Duarte, Grant and Moran",10.0,76.26,7.63,83.89
19832522,09/27/2016,"Cunningham-Richmond Parks, Hardin and Hines",10.0,69.92,6.99,76.91
72744145,03/29/2016,"Elliott, Simon and Taylor",10.0,2805.0,280.5,3085.5
54445950,05/15/2019,"Johnston, Crosby and Alexander",10.0,48682.5,4868.25,53550.75
22529030,02/02/2018,Johnson LLC,10.0,1008.0,100.8,1108.8
88741818,08/17/2015,"Davis, Rodriguez and Williams",10.0,3078.5,307.85,3386.35
88630006,02/18/2017,"Barton, Haynes and Washington",10.0,30722.14,3072.21,33794.35
61769801,11/01/2018,"Moses-Blair Smith, Martinez and Mitchell",10.0,255.0,25.5,280.5
97294846,05/23/2020,"Fuller, Baldwin and Michael",10.0,240.08,24.01,264.09
82977013,12/06/2013,"Daniel-Morrison Snyder, Benton and Reed",10.0,244.99,24.5,269.49
42266538,10/04/2019,Washington-Willis,10.0,40.77,4.08,44.85
41659958,04/09/2015,"Alvarado, Pittman and Baker",10.0,17573.1,1757.31,19330.41
55043266,03/15/2012,"Barnes Inc Smith, Payne and Vargas",10.0,614.96,61.5,676.46
60400209,10/02/2017,Elliott-Cole,10.0,233.81,23.38,257.19
69117260,08/12/2019,James and Sons,10.0,42.5,4.25,46.75
13026595,01/26/2017,Ryan LLC Thompson-Wright,10.0,6608.91,660.89,7269.8
51467723,04/21/2019,"Proctor, Morgan and Williams",10.0,13945.0,1394.5,15339.5
74819543,10/07/2020,Hamilton-Jackson,10.0,125.0,12.5,137.5
78526775,03/25/2017,"Arnold, Holder and Armstrong Durham PLC",10.0,742.26,74.23,816.49
92179921,10/11/2012,Moyer-Jones,10.0,241.92,24.19,266.11
85265380,05/14/2013,Hebert Ltd,10.0,135.0,13.5,148.5
35494837,04/02/2019,Cabrera Ltd,10.0,8.98,0.9,9.88
25388424,12/31/2014,Chen Inc,10.0,419.33,41.93,461.26
89538216,09/09/2018,Boyer-Jackson,10.0,549.95,55.0,604.95
69721323,05/07/2019,"Murray-Eaton Cuevas, Reid and Hurst",10.0,8314.2,831.42,9145.62
80921168,05/14/2015,"Matthews, Long and Hutchinson Paul, Schneider and Kim",10.0,3485.6,348.56,3834.16
45302561,11/25/2015,Finley PLC,10.0,124867.29,12486.73,137354.02
72120624,06/02/2011,Alexander-Roberts,10.0,24.95,2.5,27.45
62517865,06/02/2015,Lee and Sons,10.0,8.5,0.85,9.35
17811597,07/24/2013,Cox-Moore,10.0,3.41,0.34,3.75
74724200,02/15/2016,"Hawkins, Bell and Calhoun",10.0,220.64,22.06,242.7
40345107,04/02/2013,Roberts-Wolfe,10.0,159.36,15.94,175.3
35259356,01/20/2018,Ross Inc,10.0,629.8,62.98,692.78
34310027,09/06/2016,Moore Ltd Thomas-Lee,10.0,266.41,26.64,293.05
66053252,10/26/2017,Brown-Graves,10.0,45150.3,4515.03,49665.33
14964142,12/23/2013,Dixon-Wall,10.0,4.49,0.45,4.94
16220332,05/15/2017,Mosley LLC,10.0,62853.39,6285.34,69138.73
10596025,12/31/2020,"Mendez, Carrillo and Bush",10.0,2364.9,236.49,2601.39
97776691,04/16/2014,"Acosta-Mendoza Malone, Pierce and Morgan",10.0,1712.65,171.27,1883.92
71388340,02/21/2021,Hicks-Mayer,10.0,13015.84,1301.58,14317.42
61231490,03/06/2012,Escobar-Johnson,10.0,164.85,16.48,181.33
40725651,06/15/2015,French-Cooper,10.0,167.28,16.73,184.01
77833987,05/20/2013,Houston Group,10.0,8.99,0.9,9.89
75658283,07/07/2017,"Robinson, Stephens and Bennett",10.0,67.96,6.8,74.76
25951002,12/10/2012,Santana-Hoover,10.0,9907.42,990.74,10898.16
52093915,08/29/2017,West LLC,10.0,158.85,15.88,174.73
67156751,07/31/2011,"Moreno, Montoya and Washington",10.0,246.04,24.6,270.64
59482422,02/22/2016,"Davis, Miller and Mcfarland",10.0,61.08,6.11,67.19
16499996,05/05/2019,Ballard-Henry,10.0,19.5,1.95,21.45
69875170,07/18/2014,Romero Inc,10.0,176837.91,17683.79,194521.7
29864689,04/09/2021,Russell LLC,10.0,6881.25,688.12,7569.38
53989435,,Ramirez and Sons,10.0,16776.87,1677.69,18454.56
25600767,10/07/2014,"Alexander, Williams and Walker",10.0,297.75,29.78,327.52
54011206,01/27/2020,Harris-Mejia,10.0,2514.95,251.5,2766.44
50846623,01/30/2016,Browning Ltd,10.0,109.99,11.0,120.99
87689704,03/24/2020,Gonzalez-Williams,,,,
20813410,08/15/2015,UM,10.0,282.82,28.28,311.1
27484701,11/16/2017,"Stevens, Wright and Wright Galloway PLC",10.0,654.84,65.48,720.32
27278750,08/04/2015,UM,10.0,364.0,36.4,400.4
41888239,08/11/2018,Stewart PLC,10.0,5994.67,599.47,6594.14
79990560,05/09/2016,Sosa-Jackson,10.0,195.0,19.5,214.5
62801471,10/15/2013,Ramirez-Tran,10.0,4250.0,425.0,4675.0
16575103,07/03/2016,Charles-Garner,10.0,255.0,25.5,280.5
67651165,05/25/2018,"Harris Ltd Atkins, Benton and Cortez",10.0,614.05,61.41,675.45
51265939,11/16/2016,Weaver-Carr,10.0,5369.52,536.95,5906.47
50047409,08/05/2014,Brown and Sons,10.0,4470.0,447.0,4917.0
53221040,12/26/2014,Preston Inc Mathews-Harrison,10.0,3140.4,314.04,3454.44
24327499,,Johnson-Rodriguez,10.0,17462.25,1746.23,19208.47
33035917,11/26/2017,Hodge Inc,10.0,8.14,0.81,8.95
57443354,08/16/2013,"Thompson, Ray and Lawrence",10.0,2055.0,205.5,2260.5
20653012,08/03/2013,Coleman Inc,10.0,581.95,58.2,640.15
16581981,07/26/2016,"Barber LLC Case, Wagner and Johnson",10.0,202.35,20.23,222.58
66172709,02/27/2015,Ferguson Inc,10.0,65688.82,6568.88,72257.7
77513425,02/12/2021,"Rogers, Fitzpatrick and Salazar",10.0,314.72,31.47,346.19
89042780,10/16/2015,"Henderson, Brown and Carson Brown, Dodson and Weaver",10.0,1908.56,190.86,2099.42
91851148,11/08/2015,Ryan-Harrison,10.0,691.0,69.1,760.1
29870205,03/15/2013,White LLC,10.0,204.0,20.4,224.4
89379798,03/20/2020,Williams PLC,10.0,28885.9,2888.59,31774.49
89876179,04/14/2014,King Inc Leonard LLC,10.0,216.0,21.6,237.6
27139567,07/14/2017,"Morris, Gentry and Nguyen",10.0,44106.94,4410.69,48517.63
46964541,11/07/2011,Berry-Hernandez Young-Kim,10.0,2554.95,255.5,2810.44
71963176,01/31/2019,Stewart Ltd,10.0,19.95,2.0,21.95
35050964,11/18/2011,"Wong, Le and Hall",10.0,603.65,60.37,664.01
41287213,12/05/2019,Sanders Group,10.0,98.97,9.9,108.87
12342928,04/12/2019,"Robinson and Sons Hanna, Mathis and Zuniga",10.0,745.17,74.52,819.69
85817513,10/16/2018,Alexander-Conrad,10.0,94.95,9.5,104.45
12579622,03/09/2013,"Sanders, Terry and Johnston",10.0,3824.88,382.49,4207.37
40217081,09/15/2014,Stone PLC Allen Inc,10.0,649.12,64.91,714.03
58162869,05/18/2019,Stevens and Sons,10.0,72.03,7.2,79.23
78785504,03/21/2012,Solomon-Barnett Campbell-Weiss,10.0,515.95,51.6,567.55
49166171,02/21/2021,Davis-Jackson,10.0,43.06,4.31,47.37
15172184,08/24/2017,Foster-Parks,10.0,4819.9,481.99,5301.89
60178633,12/25/2013,"Elliott, Kelly and Warren",10.0,119.95,12.0,131.94
77931288,10/20/2019,Phillips PLC,10.0,299.85,29.99,329.84
22393723,05/22/2018,Henderson Group Brown-Taylor,10.0,214.35,21.44,235.78
22442124,01/13/2012,"Benitez, Pierce and Moreno",10.0,192.34,19.23,211.57
74825616,11/10/2011,"White, Roy and Mcdaniel Grant PLC",10.0,428.32,42.83,471.15
56114837,10/30/2013,Hill-Smith,10.0,99.96,10.0,109.96
26120082,12/29/2012,Kelly-Franklin,10.0,4.75,0.48,5.22
27709823,12/11/2012,"Williams, Haley and Ellis",10.0,724.75,72.48,797.23
65095335,02/15/2017,Flores LLC,10.0,42645.83,4264.58,46910.41
69649998,04/11/2017,"Palmer, Jordan and Shannon Jackson, Gomez and Dillon",10.0,7890.0,789.0,8679.0
25844703,07/09/2013,Steele PLC,10.0,144082.05,14408.2,158490.25
60991397,02/25/2021,"Gomez, Hall and Boyd",10.0,15.0,1.5,16.5
11764566,06/01/2018,"Bernard, Lang and Guerra Arnold Group",10.0,88.86,8.89,97.75
77298183,08/23/2013,Ward-Day Bullock-Garza,10.0,23.17,2.32,25.49
22019496,03/14/2012,"Cruz, Navarro and Brown",10.0,22.96,2.3,25.26
58769039,07/09/2012,Walters and Sons,10.0,70.0,7.0,77.0
32483210,11/29/2011,"Robles, Carroll and Pittman Quinn-Campos",10.0,69.99,7.0,76.99
13507183,09/09/2015,Roberts Ltd,10.0,1026.72,102.67,1129.39
88223203,01/14/2014,"Jordan-Moreno York, Best and Spencer",10.0,253.96,25.4,279.36
99454334,07/08/2017,Jones-Silva,10.0,96.0,9.6,105.6
41997527,02/02/2021,Cox LLC,10.0,71.4,7.14,78.54
56418581,01/25/2013,"Cruz, Nichols and Fischer",10.0,39566.73,3956.67,43523.4
64855498,08/01/2019,Thompson Ltd,10.0,0.99,0.1,1.09
42910151,04/05/2013,"Schultz, Thomas and Lang",10.0,36824.92,3682.49,40507.41
16273983,04/01/2017,Castillo LLC,10.0,744.6,74.46,819.06
76098038,08/20/2012,Hinton LLC,10.0,153.86,15.39,169.25
85992771,03/30/2021,"Chapman, Koch and Rivera",10.0,371.94,37.19,409.13
99214533,05/25/2017,Tapia-Warren,10.0,8918.0,891.8,9809.8
20701368,02/02/2012,Hernandez Inc Marsh PLC,10.0,1287.97,128.8,1416.77
88208084,05/16/2020,"Brown, Preston and Wilson",10.0,68500.93,6850.09,75351.02
97410469,02/12/2018,Kidd Group,10.0,152.34,15.23,167.57
87588849,07/05/2016,West-Byrd,10.0,442.36,44.24,486.6
47433391,11/23/2018,Dawson LLC,10.0,389.85,38.99,428.84
14778207,01/06/2017,"Caldwell, Ortega and Adams",10.0,11152.0,1115.2,12267.2
49455197,10/25/2013,Ward PLC,10.0,2239.8,223.98,2463.78
32283117,11/05/2015,Chapman-Johnson Diaz and Sons,10.0,67.05,6.71,73.75
49593532,10/01/2013,"Garcia, Sanchez and Marshall",10.0,5364.17,536.42,5900.59
57986024,10/17/2015,Allen PLC,10.0,69.95,7.0,76.95
75131164,06/13/2020,"Barrera, Merritt and Rodriguez",10.0,628.24,62.82,691.06
13869338,06/24/2018,Burnett-Garcia,10.0,5081.41,508.14,5589.55
75073339,04/24/2013,Stout LLC,10.0,1200.0,120.0,1320.0
17548173,10/20/2012,"Shaw and Sons Conrad, Smith and Watkins",10.0,1280.85,128.09,1408.93
50857048,05/22/2020,UM,10.0,58.84,5.88,64.72
73381889,12/10/2016,Anderson-Bonilla,10.0,201.98,20.2,222.18
37763406,08/17/2015,Brown Ltd,10.0,63684.88,6368.49,70053.37
80489404,12/21/2013,Nelson PLC,10.0,25.99,2.6,28.59
47981077,07/10/2017,Shelton-Mason,10.0,16513.76,1651.38,18165.14
39912751,12/27/2018,"Kennedy, Johnson and Evans",10.0,887.19,88.72,975.91
58303988,08/20/2016,Howard-Mueller,10.0,1440.0,144.0,1584.0
53553822,07/24/2012,"Bass, Kelly and Barnes",10.0,2754.51,275.45,3029.96
31293737,12/15/2020,Alvarez Inc,10.0,371.51,37.15,408.66
35893514,12/23/2019,Merritt and Sons,10.0,63.76,6.38,70.14
28610769,06/19/2017,Eaton Ltd,10.0,974.9,97.49,1072.39
81153047,12/12/2020,"Sparks, Wang and West",10.0,184.72,18.47,203.19
55954287,03/23/2012,Leonard LLC,10.0,42419.0,4241.9,46660.9
69490839,12/17/2016,Parks and Sons,10.0,799.75,79.98,879.73
24308198,06/08/2011,"Simmons, Simmons and Nguyen",10.0,5182.8,518.28,5701.08
24680775,03/28/2013,"Jarvis, Soto and Wilkins Graham, Luna and Greene",10.0,55.92,5.59,61.51
20527132,04/16/2018,Net price,10.0,47.97,4.8,52.77
90885385,12/26/2012,"Gross, Williams and Robinson Randall, Murphy and Bowman",10.0,361.78,36.18,397.96
98341217,09/16/2011,Huynh-Pacheco,10.0,6.74,0.67,7.41
74589240,12/08/2013,Hall-Boyd Haas and Sons,10.0,11794.44,1179.44,12973.88
96452603,03/12/2016,Summers-Bradley Ochoa and Sons,10.0,417.24,41.72,458.96
50405163,04/16/2020,Navarro Inc,10.0,2786.95,278.69,3065.64
77658002,01/21/2014,Espinoza LLC,10.0,7.99,0.8,8.79
15902016,11/07/2017,Spencer Ltd,10.0,6725.08,672.51,7397.59
84423800,10/11/2019,Morgan Ltd,10.0,250.0,25.0,275.0
45802970,03/30/2021,"Lopez, Pearson and Garcia",10.0,3686.67,368.67,4055.34
50357965,02/06/2015,"Conner, Lucas and Mullen",10.0,351.92,35.19,387.11
60241381,10/02/2018,"Higgins, Bautista and Harrison",10.0,104.9,10.49,115.39
80937887,04/27/2017,"Garrett, Vincent and Glass",10.0,13210.03,1321.0,14531.03
19005698,04/27/2019,"Middleton, Lee and Peters",10.0,76613.26,7661.33,84274.59
39772830,03/30/2016,"Gentry-Villarreal Ray, Evans and Davis",10.0,748.78,74.88,823.66
24826419,08/12/2018,Vincent-Crawford,10.0,14.95,1.5,16.45
56557802,04/13/2019,UM,10.0,284.95,28.5,313.44
48223084,12/05/2018,Rodriguez-Conley Gregory Inc,10.0,304.7,30.47,335.17
72794429,03/15/2021,Qty UM,10.0,259.98,26.0,285.98
96947403,10/09/2011,Cruz LLC,10.0,481.62,48.16,529.78
67851927,09/22/2016,Moore and Sons,10.0,45.5,4.55,50.05
28768109,08/24/2015,UM,10.0,52.79,5.28,58.07
14467965,12/20/2019,Flores Inc Morse-Parsons,10.0,207.92,20.79,228.71
91327263,08/30/2012,Wilson Group,10.0,1549.64,154.96,1704.6
77522687,05/14/2019,"Smith, Page and Ross Powers LLC",10.0,43183.99,4318.4,47502.39
22809328,12/27/2011,Pope-Garcia,10.0,120.75,12.08,132.82
98824587,03/09/2020,"Hughes, Edwards and Jones",10.0,3739.93,373.99,4113.92
28608590,07/05/2013,Net price,10.0,9900.0,990.0,10890.0
48131301,11/05/2019,"Berry, Strickland and Lawson",10.0,1995.0,199.5,2194.5
49106170,04/30/2013,"Huerta, Graham and Campbell",10.0,8096.15,809.62,8905.76
15665127,11/03/2020,"Greene Ltd Cruz, Martinez and Jones",10.0,2132.51,213.25,2345.76
98605220,03/17/2016,"Hernandez, Green and Lloyd Matthews-Roman",10.0,151.74,15.17,166.91
20802870,02/08/2017,Warren-Willis,10.0,26443.21,2644.32,29087.53
42760323,09/23/2020,"Patterson, Garza and Adkins",10.0,8400.0,840.0,9240.0
47037480,09/03/2012,Ruiz-Cowan,10.0,7837.98,783.8,8621.78
85930211,08/02/2012,"Torres, Martin and Robinson Jackson Group",10.0,21852.98,2185.3,24038.28
27968677,05/10/2012,Reid-Ford,10.0,5884.94,588.49,6473.43
68800500,07/14/2013,"Russo, Schroeder and Hanson",10.0,489.75,48.98,538.73
38726684,01/01/2012,"Simmons, Olson and Watson Smith-Jackson",10.0,908.38,90.84,999.22
19471831,04/09/2014,UM,10.0,40677.81,4067.78,44745.59
66700610,06/19/2013,Collins-Cooley Grant PLC,10.0,1319.92,131.99,1451.91
88408888,06/02/2012,"Baldwin, Johnson and Jenkins",10.0,55.0,5.5,60.5
13367493,02/21/2012,Martin-Schmidt,10.0,449.9,44.99,494.89
90290650,04/24/2018,"Ramirez, Miller and Morris Walker, Patterson and Evans",10.0,2584.96,258.5,2843.46
92919413,10/04/2020,Hamilton-Simmons,10.0,5992.66,599.27,6591.93
83239748,08/14/2017,Clark Ltd,10.0,20.0,2.0,22.0
80673242,06/12/2012,UM,,,,
67113656,09/07/2015,"Murray, Mckinney and Hayes",10.0,4166.92,416.69,4583.61
36854240,02/12/2016,Jackson PLC Martinez tnc,10.0,360.0,36.0,396.0
15715972,11/13/2012,"Wagner, Brown and Moore",10.0,6899.85,689.99,7589.84
51109338,04/13/2013,Becker Ltd,10.0,5640.17,564.02,6204.19
45181097,02/24/2018,"Long, Alvarez and Mendoza Hobbs Group",10.0,454.81,45.48,500.29
31007296,05/06/2016,"Eaton, White and Turner",10.0,124.95,12.5,137.44
39077025,12/15/2011,"Mcdonald, Jordan and Malone",10.0,3546.94,354.69,3901.63
93662534,01/11/2014,Jacobs PLC Bush and Sons,10.0,355.99,35.6,391.59
14941401,07/28/2020,"Oconnor, Hubbard and Jackson",10.0,550.0,55.0,605.0
94695871,09/05/2020,Mccarty-Carroll,10.0,3960.0,396.0,4356.0
66506031,05/05/2021,Watson Group Hill-Dyer,10.0,2730.08,273.01,3003.09
45743873,02/23/2014,Todd-Barnes,10.0,59.08,5.91,64.99
69087316,08/12/2011,Adkins LLC,10.0,10.0,1.0,11.0
68330075,10/08/2011,Mills-Nicholson,10.0,209.97,21.0,230.97
30933703,03/08/2019,"Villa, Davis and Middleton",10.0,40.95,4.1,45.05
46915335,07/08/2020,"Mcintyre, Becker and Moore",10.0,20.0,2.0,22.0
15855229,03/30/2014,Hawkins-Lopez,10.0,5294.47,529.45,5823.92
22132714,05/08/2020,Petersen LLC,10.0,814.3,81.43,895.73
97190733,02/11/2013,Hampton-Singh,10.0,279.9,27.99,307.89
92395596,10/03/2011,Young Inc,10.0,1.99,0.2,2.19
90068152,08/11/2018,Rice Group Clark-Lopez,10.0,524.83,52.48,577.31
77205533,11/29/2011,"Massey-Guzman Murphy, Fleming and Bentley",10.0,309.99,31.0,340.99
56400315,04/23/2018,"Butler, Tucker and Hernandez Bailey, Dodson and Campbell",10.0,414.25,41.43,455.68
24489313,12/13/2019,Roach Group,10.0,1122.0,112.2,1234.2
18001573,12/30/2012,"Mcgrath-Ruiz Chavez, Burke and Jones",10.0,100.97,10.1,111.07
10080932,05/30/2021,"Gallagher, Welch and Campbell",10.0,1300.84,130.08,1430.92
60703296,02/26/2020,Campbell-Burns,10.0,1184.2,118.42,1302.62
37575831,08/27/2017,Kelly LLC,10.0,55.36,5.54,60.9
88628178,07/18/2012,"Johnson, Newman and Nelson",10.0,1509.87,150.99,1660.86
37066060,05/07/2019,Fisher LLC Nixon Ltd,10.0,299.98,30.0,329.98
56513760,10/25/2011,Lawrence LLC,10.0,6464.0,646.4,7110.4
52064971,07/26/2017,Ward-Buchanan Burke Inc,10.0,18579.75,1857.98,20437.72
68593869,12/24/2017,"Horne LLC Patel, Johnson and Williams",10.0,147.59,14.76,162.35
33652903,05/19/2014,Stewart and Sons,10.0,5.38,0.54,5.92
39193381,06/19/2015,Mata Group,10.0,3279.75,327.98,3607.72
38996645,02/16/2015,Orr-Morales,10.0,274.9,27.49,302.39
59090855,04/03/2019,Kelly LLC,10.0,1406.55,140.66,1547.2
77715322,08/23/2013,Branch-White,10.0,35.94,3.59,39.53
47567823,03/23/2019,Thomas PLC,10.0,79.15,7.92,87.07
61669642,11/12/2013,"Torres, Sutton and Weeks",10.0,137.62,13.76,151.38
49656852,08/28/2016,"Wall, Gonzalez and Armstrong",10.0,47696.5,4769.65,52466.15
95611677,07/19/2016,Johnson Group,10.0,958.27,95.83,1054.1
24119502,07/14/2019,UM,10.0,150.0,15.0,165.0
53489259,04/03/2013,Chavez-Marquez,10.0,64.68,6.47,71.15
35977350,04/01/2016,Alvarado and Sons,10.0,84.0,8.4,92.4
59334099,12/04/2019,Roberts and Sons,10.0,97.0,9.7,106.7
26307902,10/05/2015,Moore Ltd,10.0,94.6,9.46,104.06
56014042,10/01/2014,UM,10.0,59.5,5.95,65.45
87301946,02/23/2012,"Baker, Meyers and Diaz Chavez Ltd",10.0,8264.73,826.47,9091.2
26700559,01/11/2018,Harrison and Sons,10.0,311.7,31.17,342.87
44273790,07/02/2013,Allen-Beard,10.0,340.0,34.0,374.0
60022910,03/21/2018,Robinson-Osborne,10.0,17.97,1.8,19.77
81432357,07/30/2020,"Tran LLC Golden, Gross and Rivera",10.0,9368.88,936.89,10305.77
99173131,08/30/2011,Willis and Sons,10.0,36.64,3.66,40.3
60665075,01/15/2018,"Jennings, Baldwin and Collins",10.0,76649.8,7664.98,84314.78
98151772,09/30/2019,"Sexton, Rivera and Pineda Wright-Lopez",10.0,170.99,17.1,188.09
99923268,05/29/2012,Morrison-Donaldson,10.0,191.64,19.16,210.8
77281821,01/13/2014,"Stephens LLC Ramirez, Anderson and Hughes",10.0,27179.55,2717.95,29897.5
58031199,11/11/2017,UM,10.0,7627.24,762.72,8389.96
68338115,01/07/2021,Adams-Lewis,10.0,145.53,14.55,160.08
29033172,05/03/2021,"Olson, Michael and Matthews",10.0,292.11,29.21,321.32
94885760,08/22/2012,Chen-Ortega,10.0,54.95,5.5,60.45
54533510,02/10/2021,Skinner Group,10.0,25.85,2.59,28.44
70362207,01/12/2017,UM,10.0,339.9,33.99,373.89
22488149,12/29/2020,"Strickland, Ferguson and Ellis",10.0,2684.86,268.49,2953.35
47089332,08/20/2017,"Green, Jackson and Farley",10.0,5389.56,538.96,5928.52
77545252,04/07/2017,Flores-Lee Walton and Sons,10.0,300.0,30.0,330.0
36793561,10/29/2012,Young Group,,,,
66020741,10/11/2014,Mcdonald PLC,10.0,40.0,4.0,44.0
10372826,05/15/2019,"Graham, Briggs and Anderson Moore Group",10.0,251.45,25.14,276.59
45072803,08/05/2017,Morrow Group,10.0,2529.45,252.94,2782.39
12198664,03/29/2014,Burnett-Roy,10.0,79.99,8.0,87.99
23995139,05/30/2015,"Phillips, Burton and Mcdaniel",10.0,84944.82,8494.48,93439.3
11580833,,Tapia LLC,10.0,89.99,9.0,98.99
76322049,05/21/2021,"Carter, Molina and Garcia Jones LLC",10.0,177.11,17.71,194.82
72026666,12/04/2012,"Hansen, Campbell and Boyd",10.0,48893.57,4889.36,53782.93
77006579,,Hunter-Miranda,10.0,265.82,26.58,292.4
90853270,03/04/2013,Anderson LLC,10.0,899.7,89.97,989.67
92944130,07/07/2014,"Long, Jacobson and Roman",10.0,9.99,1.0,10.99
12847181,03/03/2012,Fitzpatrick and Sons Duncan PLC,10.0,6236.77,623.68,6860.45
60358070,03/29/2019,Compton-Hahn,10.0,7904.57,790.46,8695.03
12681565,09/07/2015,Thompson-Baker,10.0,479.95,48.0,527.94
33292422,11/13/2014,Peterson-Bell,10.0,300.0,30.0,330.0
93411242,01/07/2017,Smith-Hill,10.0,7160.71,716.07,7876.78
32656405,10/25/2013,"James, Johnson and Adkins",10.0,801.86,80.19,882.05
22083742,03/01/2014,Smith-Petersen,10.0,7200.0,720.0,7920.0
36985569,12/07/2015,Williams-Reid,10.0,90.0,9.0,99.0
83326872,10/12/2019,Fisher-Mendez,10.0,119.9,11.99,131.89
66537515,11/25/2018,Lucas-Bright,10.0,112.5,11.25,123.75
52998962,03/29/2020,Mccarty-Hoffman,10.0,647.68,64.77,712.45
35451351,06/28/2014,Martinez LLC Smith LLC,10.0,588.0,58.8,646.8
90292361,05/21/2019,Barnett PLC,10.0,4500.0,450.0,4950.0
67103708,01/20/2020,Hernandez Group,10.0,39.96,4.0,43.96
85335509,06/09/2011,Allen Ltd,10.0,3400.0,340.0,3740.0
49416245,11/08/2015,"Marsh, Harris and Ortiz",10.0,129.99,13.0,142.99
24344887,02/20/2020,Mercado-Nelson,10.0,16.36,1.64,18.0
98418938,08/31/2018,"Hill-Jones Johnson, Anderson and Hartman",10.0,1169.99,117.0,1286.99
61819195,08/28/2019,"Mason-Beltran Morrison, Stewart and Graham",10.0,283.67,28.37,312.04
54329016,01/18/2012,Brooks Inc Davis-Greene,10.0,929.89,92.99,1022.88
67583819,06/01/2012,Gomez-Martinez,10.0,224.97,22.5,247.47
28248186,06/03/2018,Barton-Higgins,10.0,279.9,27.99,307.89
82308284,04/23/2013,"Clay, Cook and Nichols",10.0,435.16,43.52,478.68
79587541,08/02/2014,"Horton, Gillespie and Moore",10.0,9.99,1.0,10.99
82087318,07/31/2019,Khan LLC,10.0,11017.83,1101.78,12119.61
26660573,03/08/2014,Sparks-Burton,10.0,141.8,14.18,155.98
25988505,03/23/2015,Henderson-Stafford,10.0,520.0,52.0,572.0
91059347,12/03/2019,Simpson-Pitts,10.0,30.0,3.0,33.0
45562249,10/19/2018,"Williams, Smith and Myers",10.0,15.35,1.54,16.88
51409570,12/29/2018,"Chase, Mullins and Donaldson",10.0,158.0,15.8,173.8
15829892,02/01/2021,Wyatt-Keith,10.0,5365.86,536.59,5902.45
11324589,01/02/2019,Chavez-Morales,10.0,354.16,35.42,389.58
95710850,10/30/2015,"Salazar, Dunlap and Graham",10.0,38.0,3.8,41.8
63395419,06/20/2015,Harris-Scott Walter-Walters,10.0,6305.37,630.54,6935.91
72455228,05/11/2021,"Potts, Reed and Miller Brady LLC",10.0,1959.98,196.0,2155.98
50343017,09/07/2020,UM,10.0,160.0,16.0,176.0
44534369,07/05/2017,Davis-Reyes,10.0,10800.0,1080.0,11880.0
76702963,10/22/2012,Meyer Inc White-Daniel,10.0,332.0,33.2,365.2
39280409,07/06/2014,Bailey-Harris,10.0,1606.67,160.67,1767.34
50840230,04/27/2017,"Parker, Hood and Harvey",10.0,539.27,53.93,593.2
91125915,01/28/2015,Hicks PLC,10.0,109.0,10.9,119.9
78493177,09/01/2013,Stein PLC,10.0,329.12,32.91,362.03
91296589,09/04/2019,"Wagner, Jensen and Key King Inc",10.0,517.95,51.8,569.75
24417396,03/02/2012,Adkins Inc,10.0,2866.89,286.69,3153.58
53766818,05/20/2019,"Daniels, Jensen and Hernandez",10.0,261.16,26.12,287.28
27702906,08/06/2015,Moore PLC,10.0,9692.24,969.22,10661.46
37060863,01/30/2021,Torres and Sons,10.0,439.98,44.0,483.98
71377614,05/25/2018,Mathis Ltd,10.0,63696.14,6369.61,70065.75
65129596,09/12/2017,Mccormick-Williams,10.0,5.98,0.6,6.58
92554836,05/09/2016,"Oneill LLC Hawkins, Gomez and Moon",10.0,68.0,6.8,74.8
12492197,07/05/2020,Evans-Martin,10.0,1203.93,120.39,1324.32
10817861,06/09/2020,"Shaw, Williams and Johnston",10.0,10800.0,1080.0,11880.0
64809205,08/18/2014,"Mason, Melton and Matthews",10.0,651.15,65.11,716.26
83299043,06/24/2019,Joseph and Sons,10.0,2844.93,284.49,3129.42
87970852,05/16/2018,Trujillo PLC,10.0,72.6,7.26,79.86
83684211,06/19/2016,Lucas Inc Johnson Inc,10.0,91.88,9.19,101.07
81972673,08/13/2014,Dickerson-Burgess Baxter-Gonzalez,10.0,389.41,38.94,428.35
81321189,10/20/2014,Williams-Patel,10.0,89.99,9.0,98.99
89174655,01/19/2016,Guerrero Group,10.0,9.78,0.98,10.76
82038366,04/01/2015,Ramirez Inc,10.0,479.97,48.0,527.97
65123866,11/20/2012,Garcia-Perkins,10.0,830.59,83.06,913.65
27892893,01/16/2020,Reeves-Campbell Duncan and Sons,10.0,15173.65,1517.37,16691.01
61987058,,"Perry, Elliott and Gray",10.0,61.11,6.11,67.22
69941787,03/03/2012,Hanson PLC Nelson-Chandler,10.0,32338.18,3233.82,35572.0
11640046,11/06/2014,Turner Ltd,10.0,7716.2,771.62,8487.82
94623559,10/08/2012,"Mitchell-Gibbs Jackson, Ellis and Martinez",10.0,255.0,25.5,280.5
19507687,09/19/2018,"Houston-Brooks Moore, Hill and Ford",10.0,55626.97,5562.7,61189.67
31137784,01/27/2015,Arnold and Sons,10.0,34.89,3.49,38.38
35312696,05/11/2017,"Thompson, Terry and Johnson",10.0,292.68,29.27,321.95
66525750,02/19/2016,Thompson-Smith Gonzales Ltd,10.0,32330.34,3233.03,35563.37
96430839,01/13/2019,Alexander-Petersen,10.0,4507.42,450.74,4958.16
93219493,,Bryant-Taylor,10.0,75.0,7.5,82.5
94772624,03/01/2015,"Goodman, Rogers and Williams",10.0,50.0,5.0,55.0
11442355,01/31/2017,Williamson and Sons,10.0,8.98,0.9,9.88
53986545,08/04/2014,"Robinson-Green Reid, Dixon and Larson",10.0,654.94,65.49,720.43
79917076,05/13/2021,"Davenport, Cooper and Clayton",10.0,5200.0,520.0,5720.0
80918693,06/19/2020,"Jacobs, Patterson and Church",10.0,19.99,2.0,21.99
82200633,04/05/2019,Price-Booker Campbell PLC,10.0,497.96,49.8,547.76
51385584,11/08/2012,"Garcia, Navarro and Rocha",10.0,2549.69,254.97,2804.66
48902311,03/31/2016,Hill Group Calhoun PLC,10.0,586.87,58.69,645.56
72196558,05/06/2013,Bell-Newman,10.0,13.47,1.35,14.82
93062905,08/16/2014,"Gaines, Wilson and Garner Anderson Group",10.0,1637.1,163.71,1800.81
84476266,09/18/2017,King-Byrd Haney and Sons,10.0,165.59,16.56,182.15
51686132,06/27/2015,"White, Blevins and Ellis",10.0,1384.95,138.5,1523.45
35593328,06/08/2011,Alexander-Arias,10.0,2731.78,273.18,3004.96
28036023,06/12/2020,Torres-Johnson,10.0,150.0,15.0,165.0
44318912,09/09/2017,Tapia-Smith Shaffer LLC,10.0,5904.37,590.44,6494.81
12408005,08/08/2019,"Gonzales-Hart Shepard, Garcia and Summers",10.0,169.96,17.0,186.96
84752922,10/16/2013,Qty UM,10.0,934.9,93.49,1028.39
34855339,03/09/2020,Reyes-Sampson,10.0,86.56,8.66,95.22
37535203,07/13/2015,Miranda-Nielsen,10.0,13.47,1.35,14.82
33145095,08/06/2020,Stanton Group Perez Inc,10.0,151.96,15.2,167.16
76999802,07/14/2020,"Dixon, Hall and Payne",10.0,74237.4,7423.74,81661.14
84597526,01/22/2013,Villanueva-White,10.0,15.11,1.51,16.62
25353322,01/05/2014,Bradley-Ford,10.0,186.93,18.69,205.62
67411769,01/13/2013,Colon and Sons Estes-Ferguson,10.0,310.57,31.06,341.63
85238418,,Burgess Ltd,10.0,162.57,16.26,178.83
68456767,07/25/2020,Parker-Ortiz,10.0,22.45,2.25,24.7
52676405,09/02/2017,Avila-Miller,10.0,150.85,15.09,165.94
86976994,08/02/2020,"Gonzalez, Taylor and Gonzales",10.0,775.0,77.5,852.5
21257968,03/06/2012,"Williams, Barron and Smith Smith Inc",10.0,2551.89,255.19,2807.08
22007301,06/25/2017,Crawford Group,10.0,26659.81,2665.98,29325.79
64603610,12/29/2013,"Moore, Guerrero and Jacobson",10.0,7463.71,746.37,8210.08
23436462,03/06/2012,"Rivera, Cruz and Lane",10.0,35345.21,3534.52,38879.73
20295549,11/20/2011,Williams-Morris Ward-Jordan,10.0,6579.11,657.91,7237.02
38248291,06/18/2012,Weber-Torres,10.0,99.75,9.98,109.72
53695084,10/25/2015,"Diaz, Warren and Carter Black, Smith and Bass",,,,
39463508,09/17/2013,UM,10.0,4558.0,455.8,5013.8
10963794,08/09/2012,Oconnor Group Pena-Schaefer,10.0,535.83,53.58,589.41
74184749,03/07/2015,Liu-Perry,10.0,2.99,0.3,3.29
72005605,09/16/2019,Pearson Group,10.0,86869.77,8686.98,95556.75
90042261,05/29/2012,"Weiss PLC Garcia, Bates and Romero",10.0,660.47,66.05,726.52
62261351,02/06/2012,Calhoun Ltd,10.0,39.98,4.0,43.98
49900465,12/23/2014,"Green, Benson and Clark",10.0,186.55,18.66,205.21
33784215,03/24/2018,Martin and Sons,10.0,39.8,3.98,43.78
32830026,12/20/2014,"Stewart, Fields and Scott",10.0,1036.58,103.66,1140.24
61619303,09/20/2013,"Glenn, Roberts and Cochran Burgess, Evans and Moreno",10.0,961.21,96.12,1057.33
84404809,09/11/2011,Bishop-Taylor,10.0,111.9,11.19,123.09
11556735,03/07/2014,Scott Ltd,10.0,211.6,21.16,232.76
21686737,03/19/2014,Parker Group Brooks PLC,10.0,489.09,48.91,538.0
44195807,07/09/2014,Weaver-Russell,10.0,17.47,1.75,19.22
79616362,01/13/2021,Sanchez LLC,10.0,3794.8,379.48,4174.28
81205197,11/23/2016,"Lindsey Inc Hawkins, Robinson and Pittman",10.0,1023.75,102.38,1126.12
76724637,07/10/2017,Mora and Sons,10.0,85.0,8.5,93.5
69556867,02/14/2017,Harding Inc,10.0,1082.31,108.23,1190.54
29998351,12/21/2012,Sheppard Ltd,10.0,897.0,89.7,986.7
87934175,10/19/2016,UM,10.0,97.98,9.8,107.78
62481750,04/03/2014,"Pittman, Zhang and Peterson",10.0,68.97,6.9,75.87
60456703,09/01/2016,Brown Ltd,10.0,339.98,34.0,373.98
54557938,08/03/2016,"Clark, Russell and Johns",10.0,5325.01,532.5,5857.51
29653721,10/07/2017,Reyes LLC,10.0,7.75,0.78,8.53
52060328,10/11/2019,"Johnson-Cain West, Cooper and Welch",10.0,161.0,16.1,177.1
65744802,03/30/2012,Bates and Sons,10.0,48.0,4.8,52.8
11158119,03/23/2019,UM,10.0,119.98,12.0,131.98
13337063,01/15/2014,Qty UM,10.0,67200.0,6720.0,73920.0
30083114,12/19/2016,Diaz LLC,10.0,555.28,55.53,610.81
74093352,10/18/2020,"Miller, Coleman and Rivera",10.0,359.32,35.93,395.25
22434910,12/30/2015,Miller Group,10.0,54.12,5.41,59.53
30386285,09/28/2020,Rodriguez and Sons,10.0,21676.43,2167.64,23844.07
67802841,09/09/2015,Lynn-Wise Nelson-Clark,10.0,3295.97,329.6,3625.57
43825047,05/09/2020,Qty UM,10.0,3420.39,342.04,3762.43
10060256,12/22/2013,Kim-Davenport Baker-Dixon,10.0,454.76,45.48,500.24
76059860,03/04/2020,"Mills, Harrington and Winters Owens-Harrison",10.0,32.75,3.28,36.02
59989382,11/30/2015,Lawrence PLC,10.0,4404.89,440.49,4845.38
16543713,11/21/2016,Garrett LLC,10.0,10938.76,1093.88,12032.64
28618390,08/09/2014,"Brown, Smith and Blevins",10.0,298.56,29.86,328.42
50222999,03/03/2015,Walters-Johnson Rodriguez-Thomas,10.0,3.02,0.3,3.32
34911755,01/30/2019,"Martin, Russo and Gaines",10.0,181.09,18.11,199.2
47743201,07/23/2015,Greene-Dean,10.0,46.73,4.67,51.4
84440315,08/21/2018,Johnson-Simmons,10.0,1199.97,120.0,1319.97
53923577,04/19/2017,"Hamilton, Martin and Benson Knapp. Moore and Cooper",10.0,1762.51,176.25,1938.76
67528272,01/15/2020,Adams Inc,10.0,9.98,1.0,10.98
16759248,09/17/2017,Williams PLC,10.0,69577.2,6957.72,76534.92
76903393,07/24/2012,King-Wells,10.0,550.0,55.0,605.0
91451938,10/27/2018,Lee LLC,10.0,1199.96,120.0,1319.96
38829380,12/25/2017,"Cook LLC Meza, Griffin and Powell",10.0,17009.66,1700.97,18710.63
50956755,09/06/2019,Conley-Irwin,10.0,843.65,84.37,928.01
59336079,01/09/2012,Rogers-Brown,10.0,1.99,0.2,2.19
86792000,04/11/2020,Blackburn-Stephenson,10.0,78.0,7.8,85.8
93799370,06/28/2016,Perry-Delgado,10.0,475.1,47.51,522.61
80930562,08/14/2012,Harvey-Bell Vazquez Inc,10.0,1759.82,175.98,1935.8
51719586,08/25/2012,"Oliver, Rodriguez and Taylor Taylor-Neal",10.0,2.99,0.3,3.29
52013651,01/11/2017,Taylor PLC,10.0,65839.88,6583.99,72423.87
16455494,10/08/2014,"Stephenson, Edwards and Fowler",10.0,59450.57,5945.06,65395.63
29800590,08/10/2012,"Hines, Hickman and Johnson",10.0,76.0,7.6,83.6
39338291,03/07/2017,Carey PLC,10.0,250.0,25.0,275.0
57600191,03/17/2017,Dean Inc,10.0,899.97,90.0,989.97
66045137,08/09/2016,"Kelly Ltd Lopez, Chapman and Gonzalez",10.0,291.76,29.18,320.94
61356291,09/06/2012,Rodriguez-Stevens,10.0,60.0,6.0,66.0
26213346,,Young-Hess,10.0,819.93,81.99,901.92
17345626,09/26/2012,Hunt Group,,,,
30642722,10/06/2015,Peterson Inc,10.0,170.77,17.08,187.85
98964062,05/30/2018,Lawrence-Pacheco,10.0,249.5,24.95,274.45
15523094,04/06/2018,"Garcia, Anderson and Short Ryan, Velasquez and Dunn",10.0,1787.92,178.79,1966.71
94404257,07/03/2013,Sandoval-Phillips,10.0,17.45,1.75,19.2
65643191,07/31/2020,Thompson Inc Johnson-Alvarez,10.0,55.84,5.58,61.42
31470773,03/05/2012,"Johnston, Byrd and Hendrix May Inc",10.0,508.99,50.9,559.89
53181869,05/21/2020,Sanchez-Williams Turner-Brown,10.0,53202.9,5320.29,58523.19
71748307,12/24/2011,Lewis Group,10.0,54.95,5.5,60.45
85583861,,Blankenship-Yates,10.0,5669.92,566.99,6236.91
73164326,07/13/2012,"Meyer, Horne and Hartman",10.0,615.75,61.58,677.33
61067356,03/28/2012,Rasmussen Ltd King-Keller,10.0,266.73,26.67,293.4
76954213,08/11/2012,Jennings Inc,10.0,10.0,1.0,11.0
89098949,,Short-Gonzalez,10.0,24331.53,2433.15,26764.68
63279909,01/27/2012,Jacobson-Wilson Baker PLC,10.0,259.96,26.0,285.96
87844093,04/09/2021,Lozano PLC,10.0,987.0,98.7,1085.7
17794459,10/28/2020,Melendez-Rogers,10.0,26857.35,2685.74,29543.08
87695069,06/28/2014,"Tran, Hernandez and Ruiz",10.0,22.49,2.25,24.74
55149610,02/23/2012,King PLC Parker-Williams,10.0,2527.0,252.7,2779.7
26838088,05/16/2017,Montoya PLC Moss Inc,10.0,158.77,15.88,174.65
56479895,08/10/2019,Blake LLC Flores LLC,10.0,448.94,44.89,493.83
10541959,02/19/2017,Smith-Haynes,10.0,26.14,2.61,28.75
64516079,12/14/2020,"Flores PLC Schmidt, Carrillo and Estes",10.0,43.97,4.4,48.37
65673716,12/24/2017,Kemp and Sons Shaffer-Craig,10.0,7933.79,793.38,8727.17
76937754,07/22/2020,"Williams, Davis and Prince",10.0,2750.0,275.0,3025.0
48765740,06/22/2017,Bowman-Davis,10.0,574.54,57.45,631.99
78697882,09/18/2016,Robinson-Martin,10.0,3242.86,324.29,3567.15
89499883,11/23/2013,UM,10.0,208.11,20.81,228.92
15128200,03/28/2013,Patterson LLC Dyer-Griffith,10.0,52.0,5.2,57.2
73783721,10/22/2011,Moore-Banks,10.0,39.95,4.0,43.95
82869381,09/16/2016,James-Jones,10.0,113.85,11.38,125.23
75106829,09/03/2011,"Adams, Garza and Lynch",10.0,321.95,32.2,354.14
41887406,03/24/2014,Wagner Ltd,10.0,800.0,80.0,880.0
56282973,06/30/2015,"Boyer, Trevino and Hines",10.0,42066.72,4206.67,46273.39
83158540,02/28/2015,"Anthony, Haley and Wiggins",10.0,141.86,14.19,156.05
59977720,06/16/2020,UM,10.0,301.62,30.16,331.78
67182330,06/05/2014,Wright-Johnson,10.0,29.85,2.99,32.84
35471025,12/19/2015,"Garcia, Castro and Smith",10.0,5297.2,529.72,5826.92
84635791,04/17/2020,Jones Ltd,10.0,319.96,32.0,351.96
58051696,11/05/2019,"Johnson, Buckley and Terry Palmer, Chan and Salazar",10.0,49.05,4.91,53.95
47990906,12/13/2015,Reynolds PLC Garcia-Thompson,10.0,329.47,32.95,362.42
99004300,09/17/2012,Miles Ltd,10.0,6750.0,675.0,7425.0
69638281,07/09/2014,Anderson-Lindsey,10.0,60.0,6.0,66.0
33289699,12/24/2012,Haynes-Woods,10.0,399.95,40.0,439.94
74427960,04/03/2014,"Wright, Beasley and Berry",10.0,800.81,80.08,880.89
98914713,01/13/2012,Bell PLC Mathews Group,10.0,359.16,35.92,395.08
52337235,05/30/2020,"Gallegos, Shea and Lawson",10.0,461.34,46.13,507.47
57905164,06/06/2012,Edwards-Leonard,10.0,268.79,26.88,295.67
14139811,09/05/2018,Smith-Coleman,10.0,476.97,47.7,524.67
37306845,04/29/2015,Scott-Young Edwards Ltd,10.0,9230.69,923.07,10153.76
72310470,05/10/2019,Hartman-Cooley,10.0,2160.0,216.0,2376.0
40703416,12/27/2015,"Vazquez, Thomas and Pugh",10.0,388.32,38.83,427.15
83642064,10/17/2020,"Sanchez, Richards and James Burns-Watts",10.0,719.96,72.0,791.96
57037406,09/06/2015,Martin and Sons Vargas Inc,10.0,4299.96,430.0,4729.96
43883632,06/20/2020,"Wu, Chung and White",10.0,300.0,30.0,330.0
95635623,08/11/2019,Diaz Ltd,10.0,361.37,36.14,397.51
38173030,12/17/2018,"Short-Dixon Smith, Hebert and Smith",10.0,5643.98,564.4,6208.38
41887329,11/26/2020,Olsen Ltd,10.0,4000.0,400.0,4400.0
78796145,03/28/2017,"Jones Ltd Coleman, Cowan and Mejia",10.0,19736.39,1973.64,21710.03
46920651,11/15/2015,"Clark, Brown and Jones",10.0,386.6,38.66,425.26
32131502,02/26/2019,"Jimenez, Smith and Lee",10.0,6036.43,603.64,6640.07
80871648,02/18/2013,Wilson-Martinez,10.0,182.18,18.22,200.4
18393770,07/16/2013,Gonzalez Inc,10.0,3.94,0.39,4.33
45141161,,"Carter, Kelley and Scott",10.0,4778.06,477.81,5255.87
71490900,11/01/2013,Williams LLC,10.0,1549.5,154.95,1704.45
66825384,02/22/2015,"Harris Ltd Tyler, Morris and Chaney",10.0,7682.65,768.26,8450.91
81384146,01/24/2015,Golden PLC,10.0,324.25,32.43,356.68
83842319,05/12/2014,"Robinson, Nielsen and Newman Mcdonald Inc",10.0,54.95,5.5,60.45
36051373,04/07/2015,"Holland, Lee and Kline",10.0,9835.41,983.54,10818.95
46916101,04/28/2013,"Ballard, Wang and Keller Heath, Gonzalez and Henderson",10.0,2545.48,254.55,2800.03
89959314,09/01/2012,Wolf and Sons,10.0,1581.85,158.19,1740.03
69167020,10/03/2020,"Green, Phillips and Washington Gibson PLC",10.0,1047.08,104.71,1151.79
15700884,01/15/2021,Schultz Group,10.0,39.96,4.0,43.96
34977445,12/04/2011,"Stanley, Cooper and Koch",10.0,13722.57,1372.26,15094.83
58478169,07/04/2016,Wells-Avery,10.0,11147.25,1114.73,12261.98
52513212,03/20/2017,"Martinez, Logan and Peterson",10.0,759.99,76.0,835.99
33299774,10/24/2015,Dennis LLC,10.0,1564.55,156.46,1721.0
38794127,03/11/2013,Byrd-George,10.0,6.0,0.6,6.6
11829549,05/13/2017,Net price,10.0,19.48,1.95,21.43
45687667,12/21/2013,UM,10.0,1.98,0.2,2.18
15685761,05/15/2017,Cunningham-Williams,10.0,13.47,1.35,14.82
96958424,09/14/2012,"Sandoval, Rosales and Young",10.0,599.98,60.0,659.98
91203765,12/18/2019,Nichols-Williams,10.0,551.51,55.15,606.66
45286327,07/21/2015,"Rosales, Anderson and Salazar",10.0,402.66,40.27,442.93
75367021,,"Lawrence, Stevens and Robinson",10.0,33319.74,3331.97,36651.71
57262990,11/25/2016,Rivera Inc,10.0,4.49,0.45,4.94
28688861,06/13/2012,"Walker, Rojas and Wells",10.0,2413.97,241.4,2655.37
16798931,10/15/2018,Williams-Rubio,10.0,707.72,70.77,778.49
26020078,,"Ochoa, Crane and Johnston",10.0,105.93,10.59,116.52
75299595,06/03/2011,"Cox, Bell and Rodriguez Jackson Group",10.0,247.86,24.79,272.65
43551281,11/02/2014,Phillips Group Bowen-Schroeder,10.0,1899.3,189.93,2089.23
29086575,07/08/2020,"Booth, Weber and Wall Randolph and Sons",10.0,15567.65,1556.77,17124.42
95216794,08/10/2017,"Nguyen, Russell and Rodriguez Adams-Burns",10.0,43.76,4.38,48.14
27405523,03/24/2018,Peterson-Crane,10.0,109.65,10.97,120.62
66430808,06/18/2020,"Acosta, Price and West",10.0,130.0,13.0,143.0
41389063,03/17/2021,"Davis, Li and Coleman",10.0,14.67,1.47,16.14
97388190,12/13/2016,Cook Ltd Pierce Inc,10.0,299.85,29.99,329.84
14103295,04/12/2013,Taylor-Robinson,10.0,19.99,2.0,21.99
60518602,08/30/2016,Leblanc and Sons,10.0,2334.95,233.5,2568.44
45205576,11/18/2015,"Paul, Moore and Rojas",10.0,6249.49,624.95,6874.44
25864435,01/08/2018,UM,10.0,449.85,44.99,494.84
31311902,06/04/2017,"Young, Rosales and Graham",10.0,424.7,42.47,467.17
97511742,04/07/2016,Boyle Ltd,10.0,4314.93,431.49,4746.42
22396736,03/09/2012,Smith LLC,10.0,259.95,26.0,285.94
75959628,12/01/2014,"White, Chase and Gonzalez",10.0,97.35,9.73,107.08
67856369,05/27/2020,Pierce PLC Cochran-Alvarez,10.0,4502.56,450.26,4952.82
18001647,03/21/2013,Boyle-Bowman,10.0,35.92,3.59,39.51
95076029,,Smith-Cabrera,10.0,227.24,22.72,249.96
33658471,12/24/2016,Rodriguez-Smith Roy LLC,10.0,247.7,24.77,272.47
19579298,02/02/2018,Andrews-Rivera,10.0,18000.0,1800.0,19800.0
53875869,07/12/2012,"Elliott, Kelly and Turner",10.0,60.0,6.0,66.0
45234802,09/06/2013,Richards-Lester,10.0,114.95,11.5,126.45
18212068,06/10/2014,Smith PLC,10.0,6604.96,660.5,7265.46
51300355,03/28/2012,King-Johnson,10.0,518.93,51.89,570.82
52335893,09/30/2012,Stanley Group Mcbride-Sanchez,10.0,15034.23,1503.42,16537.65
68864619,01/16/2015,"Daniel, Sutton and Stevens",,,,
33691533,07/25/2014,Scott-Garcia,10.0,499.5,49.95,549.45
80028090,11/20/2018,Burke-Gordon,10.0,5363.12,536.31,5899.43
12459784,08/19/2020,Russell-Cruz,10.0,19.56,1.96,21.52
64125453,03/25/2013,Soto and Sons Campos PLC,10.0,269.92,26.99,296.91
32009066,04/18/2020,Peterson-Bryant,10.0,3370.09,337.01,3707.1
13886485,11/24/2013,Mitchell LLC,10.0,42013.69,4201.37,46215.06
95545504,04/06/2012,Johnson Ltd,10.0,59.8,5.98,65.78
96556696,02/25/2016,Miller PLC,10.0,932.37,93.24,1025.61
57416834,10/14/2020,Mcbride-Romero,10.0,24000.0,2400.0,26400.0
68378638,10/11/2018,Benson-Marshall,10.0,635.35,63.54,698.88
17945506,08/24/2019,Garcia PLC,10.0,133.75,13.38,147.12
92242080,02/18/2014,Lindsey Ltd,10.0,121.12,12.11,133.23
86575728,11/24/2014,"Garcia, Meyer and Cook",10.0,906.7,90.67,997.37
62005229,03/05/2018,Chapman LLC,10.0,69.98,7.0,76.98
85303612,07/08/2016,Stewart-Faulkner,10.0,1953.83,195.38,2149.21
44456646,03/21/2015,"Delacruz, Hinton and Mckinney",10.0,287.36,28.74,316.1
42461657,02/15/2021,Mckenzie-Rice,10.0,215.78,21.58,237.36
56731210,10/25/2011,"Crawford, Moore and Romero Andrade and Sons",10.0,604.94,60.49,665.43
77725914,09/01/2018,"Coleman, Mccoy and Cooper",10.0,812.56,81.26,893.82
93128666,06/17/2020,Cardenas-Young,10.0,58.47,5.85,64.32
74227045,05/03/2018,Graham-Taylor Hopkins Ltd,10.0,690.1,69.01,759.11
39390025,01/17/2019,Miller PLC Sullivan-Sanchez,10.0,1211.2,121.12,1332.32
59119338,04/11/2017,Green-Wright Mosley PLC,10.0,457.04,45.7,502.74
97675851,05/25/2016,"Smith, Reynolds and Dunn",,,,
71439588,02/08/2021,Clayton LLC Bailey-Adams,10.0,219.95,22.0,241.94
74263194,03/28/2020,UM,10.0,119.93,11.99,131.92
64248693,01/26/2018,"Cook, Anderson and Bowen",10.0,6907.83,690.78,7598.61
71177260,06/11/2014,"Gay, Wilson and Green",10.0,199.84,19.98,219.82
18320628,10/08/2013,"Roberts, Levine and Chavez",10.0,360.0,36.0,396.0
22765594,04/11/2018,"Hernandez, Lindsey and Anderson",10.0,81.0,8.1,89.1
22956460,06/26/2019,"Welch PLC Wright, Aguirre and Harper",10.0,2379.94,237.99,2617.93
51661013,05/11/2021,Rivas PLC Walker PLC,10.0,180.0,18.0,198.0
39400829,01/12/2012,"Reynolds, Gonzales and Meyer",10.0,135.0,13.5,148.5
19961329,02/24/2015,Cox-Hall,10.0,36.99,3.7,40.69
25342867,01/10/2015,Net price,10.0,34.0,3.4,37.4
45483334,10/04/2019,Thornton-Henry,10.0,207.24,20.72,227.96
86091106,09/22/2013,Diaz-Nguyen Strong-Chavez,10.0,589.94,58.99,648.93
94138597,02/05/2018,Green LLC,10.0,612.5,61.25,673.75
24945791,12/15/2015,"Phillips, Elliott and Johnston",10.0,25142.86,2514.29,27657.15
87433420,04/26/2015,Rios PLC,10.0,535.45,53.55,589.0
33137636,07/20/2015,Schultz PLC,10.0,195.48,19.55,215.03
37107781,07/29/2012,Lee-Burnett,10.0,2549.93,254.99,2804.92
70235468,08/28/2012,"Charles, Black and Vasquez Lang, Davenport and Young",10.0,107.0,10.7,117.7
19078061,03/03/2013,Combs Group,10.0,1699.98,170.0,1869.98
69642118,08/21/2013,"Walker, Johnson and Delgado",10.0,8.98,0.9,9.88
90670432,03/13/2018,Stevens Inc,10.0,72.3,7.23,79.53
41925448,08/19/2019,Keith LLC Wang Ltd,10.0,359.96,36.0,395.96
96856159,06/12/2014,Sellers PLC,10.0,639.96,64.0,703.96
39510474,08/24/2018,Bailey Ltd,10.0,42.98,4.3,47.28
63665479,02/12/2017,Carrillo-Montoya,10.0,160.0,16.0,176.0
66919860,05/11/2021,"Chavez, Ortega and Hunt",10.0,45.36,4.54,49.9
45904441,02/14/2019,"Martin, Wright and Mccarty",10.0,576.33,57.63,633.96
53192110,07/28/2019,"George, Solis and Roberts",10.0,14.97,1.5,16.47
93008460,03/06/2015,"Davis, Wilson and Hunt",10.0,1999.0,199.9,2198.9
45425546,07/13/2017,"Walker, Foster and Brandt",10.0,5666.2,566.62,6232.82
65321852,04/11/2021,Wells-Carlson,10.0,44.98,4.5,49.48
51335214,03/27/2015,"Malone, Wilson and Carson",10.0,185.7,18.57,204.27
97781335,12/21/2018,"Poole, Hood and Landry",10.0,80888.16,8088.82,88976.98
69062791,02/16/2021,Parker-Lam,10.0,699.75,69.98,769.73
34630909,09/14/2011,Green and Sons,,,,
38166771,08/09/2018,Henry Ltd,10.0,47.0,4.7,51.7
61382297,12/23/2015,Weaver-Hughes,10.0,1699.94,169.99,1869.93
72929361,06/29/2020,Hobbs-Stevens,10.0,295.0,29.5,324.5
28753573,07/28/2012,"Gordon, Crawford and Jacobs",10.0,59.97,6.0,65.97
85765662,04/22/2017,Qty UM,10.0,98.24,9.82,108.06
16021510,,Flowers-Medina,10.0,310.94,31.09,342.03
48440593,06/27/2014,Warren Group,10.0,3291.67,329.17,3620.84
94292113,06/06/2016,"Sosa, Maynard and Grimes Johnson and Sons",10.0,874.96,87.5,962.46
70521557,04/12/2020,Houston-Jacobs Ramirez-Williams,10.0,106.91,10.69,117.6
32717637,01/08/2013,Daniels-Miles,10.0,108.97,10.9,119.87
63959029,09/29/2020,Arroyo-Cobb,10.0,4992.0,499.2,5491.2
72238973,07/25/2011,UM,10.0,4120.0,412.0,4532.0
38557956,08/16/2013,"Wilson, Freeman and Lyons",10.0,531.35,53.14,584.49
88659425,10/15/2016,Moore-Pierce,,,,
71887110,02/07/2013,"Baker, Mitchell and Cooper Adams Group",10.0,2359.99,236.0,2595.99
83337807,08/29/2015,James-Cooley,10.0,37.75,3.78,41.52
15226383,12/13/2012,Hudson-Calderon,10.0,111.93,11.19,123.12
41210651,12/12/2011,Holloway-Wright,10.0,1.98,0.2,2.18
12920327,08/28/2014,Weber Inc,10.0,1737.0,173.7,1910.7
46405643,05/16/2018,Wilson Inc Burke-Nelson,10.0,2816.88,281.69,3098.57
62416513,05/05/2013,Eaton LLC Miller-Campbell,10.0,377.95,37.8,415.75
23882917,03/29/2014,"Hawkins PLC Lopez, Beard and James",10.0,161.96,16.2,178.16
77668740,01/02/2016,"Hopkins, Gonzales and Mccarthy",10.0,1.99,0.2,2.19
35034639,03/12/2015,Jenkins Inc,10.0,99.95,10.0,109.95
78873710,12/14/2015,"Barry, Patterson and Greer",10.0,5594.89,559.49,6154.38
90446683,02/11/2016,Peterson-Long,10.0,196.97,19.7,216.67
49464905,07/21/2012,Macdonald-Hampton,10.0,4228.53,422.85,4651.38
25687531,01/10/2012,"Jones, Andrade and Roth",10.0,1125.0,112.5,1237.5
74583312,05/05/2015,Gross PLC,10.0,634.36,63.44,697.8
81858677,12/25/2012,Anderson Group,10.0,171.75,17.18,188.93
65851875,05/06/2021,"Glover, Harvey and Davis Perez Group",10.0,50.6,5.06,55.66
66443782,08/21/2011,Rivera Group Garcia-Williams,10.0,8879.6,887.96,9767.56
93559969,11/14/2017,Ashley-Cook,10.0,159.95,15.99,175.94
79709420,02/18/2018,"Santana, Lloyd and Cook",10.0,2399.96,240.0,2639.96
74178352,09/03/2014,Robinson-Martin,10.0,691.35,69.14,760.49
83091868,05/17/2016,"Jones, Frazier and Banks",10.0,5045.93,504.59,5550.52
64281058,11/08/2019,"Zuniga, Short and Jensen Wells Ltd",10.0,14014.99,1401.5,15416.49
22758345,12/21/2015,Peters LLC,10.0,2449.21,244.92,2694.13
77256632,05/05/2013,Giles Inc,10.0,13.96,1.4,15.36
79111644,04/19/2020,"Phillips, May and Evans",10.0,19.98,2.0,21.98
57381840,08/31/2017,Weber-Rodriguez,10.0,14776.0,1477.6,16253.6
31838082,10/19/2013,"Lewis, Hansen and Martin",10.0,74.97,7.5,82.47
84777898,06/02/2017,Byrd PLC Palmer LLC,10.0,286.02,28.6,314.62
45290929,05/19/2014,Garrison Inc,10.0,64.9,6.49,71.39
49458748,03/08/2019,"Cameron, Palmer and Martin Martin-Flores",10.0,1039.69,103.97,1143.66
26925356,01/05/2017,"Freeman, Williams and Rodriguez",10.0,125.22,12.52,137.74
45241268,10/25/2018,Goodman-Rangel,10.0,200.4,20.04,220.44
96272374,05/22/2019,"Higgins, Alvarez and Berry",10.0,430.93,43.09,474.02
50368630,10/08/2018,"Knight, Contreras and Roberts",10.0,33293.98,3329.4,36623.38
19898218,06/15/2014,Sosa LLC,10.0,23.98,2.4,26.38
34967709,01/16/2018,Bryant-Wall,10.0,499.98,50.0,549.98
21628539,01/25/2018,Hall Inc,10.0,238.75,23.88,262.62
89305462,08/23/2015,Forbes LLC Williams and Sons,10.0,489.7,48.97,538.67
70372519,05/01/2013,"Brown, Rodriguez and Lopez",10.0,4469.89,446.99,4916.88
11724045,04/09/2019,Alvarado-Patel,10.0,1000.66,100.07,1100.73
10737107,07/20/2012,Harrison LLC,,,,
69934544,04/17/2014,Wolfe and Sons,10.0,39.96,4.0,43.96
86225018,12/18/2015,Collins Group Pope LLC,10.0,5409.72,540.97,5950.69
72761554,,"Johnson, Smith and Adkins",10.0,1199.97,120.0,1319.97
74474655,01/03/2015,"Rogers, Parks and Hall",10.0,108.39,10.84,119.23
17585415,09/26/2016,"Erickson, Hunt and Gonzales Carey-Montgomery",10.0,422.61,42.26,464.87
57114004,03/20/2012,"Gardner, Hernandez and Hart",10.0,13.47,1.35,14.82
32177071,04/12/2017,UM,10.0,94.47,9.45,103.92
35515944,08/28/2014,Brown Ltd,10.0,23.75,2.38,26.12
11844533,01/28/2013,Morse and Sons,10.0,216.46,21.65,238.11
91817064,12/26/2016,"Walton, Smith and Vasquez",10.0,25.94,2.59,28.53
42981942,09/21/2013,Jones Inc,10.0,15.0,1.5,16.5
40703934,03/10/2016,Morales LLC Moore-Miller,10.0,217.48,21.75,239.23
94166183,08/24/2019,Simmons Inc,10.0,19.6,1.96,21.56
31447231,06/18/2017,English-Sanchez,10.0,7597.53,759.75,8357.28
76820481,07/08/2016,Vargas-Hughes Bradshaw-Wall,10.0,106.4,10.64,117.04
97159829,09/18/2015,Castro PLC,10.0,889.2,88.92,978.12
13407985,11/22/2013,"Nicholson, Miller and Webster Mccormick and Sons",10.0,4963.41,496.34,5459.75
59506452,,Graham-Martinez,10.0,1182.92,118.29,1301.21
62962397,11/05/2018,"Summers-Hall Watts, Soto and Potter",10.0,220.77,22.08,242.85
34287467,06/21/2017,"Rowe, Payne and Stewart Daniel LLC",10.0,202.74,20.27,223.01
37020779,12/23/2019,Jenkins-Lewis,10.0,358.49,35.85,394.34
25532811,07/07/2016,"Terry, Lindsey and Fox",10.0,3219.8,321.98,3541.78
20434959,12/20/2011,"Holloway, Stanton and Dunn",10.0,26.97,2.7,29.67
12830936,04/27/2021,"Johnson LLC Smith, Anderson and Ward",10.0,5936.86,593.69,6530.55
17290430,05/27/2013,Hamilton Ltd,10.0,13484.47,1348.45,14832.92
72499229,02/15/2012,"Cordova, Kennedy and Stevenson",10.0,192.91,19.29,212.2
79622223,08/30/2011,"Ramirez, Parker and Perez",10.0,319.97,32.0,351.97
77145709,01/18/2019,Benton Inc,10.0,235.96,23.6,259.56
19608758,06/25/2016,"Adams, Vaughn and Hebert",10.0,2628.0,262.8,2890.8
98788913,11/15/2014,Ball and Sons,10.0,422.88,42.29,465.17
33310882,01/23/2020,"Davis, Hogan and Hardin",10.0,2223.83,222.38,2446.21
68963398,01/16/2017,Trevino-Sanders,10.0,90.8,9.08,99.88
65809258,10/03/2014,Lyons and Sons,10.0,21.1,2.11,23.21
10823698,09/26/2020,Hernandez Ltd Huerta-Cortez,10.0,52257.34,5225.73,57483.07
51033885,10/20/2020,Haney LLC Davis-Olson,10.0,208.25,20.83,229.07
64770456,10/13/2011,"Boyer, Wilson and Ortiz",10.0,2135.48,213.55,2349.03
14287592,03/05/2021,Compton-Brown,10.0,135550.39,13555.04,149105.43
78985014,10/21/2020,Dickson LLC,10.0,10977.08,1097.71,12074.79
95434324,10/16/2017,Wood-Mccarty,10.0,933.36,93.34,1026.7
57290992,10/03/2011,"Johnson, Daniels and Ramirez",10.0,64161.23,6416.12,70577.35
86883880,06/16/2018,Davis PLC,10.0,139.5,13.95,153.45
86339764,07/29/2017,Cruz Ltd Hunter and Sons,10.0,16200.0,1620.0,17820.0
68106191,07/05/2019,"Mullins, Scott and Mclaughlin Johnson, White and Lee",10.0,96.31,9.63,105.94
98442092,06/10/2015,Castillo-Price,10.0,19.56,1.96,21.52
33815697,,Weaver-Harrington,10.0,25.0,2.5,27.5
72473480,10/30/2020,Ball and Sons,10.0,74.73,7.47,82.2
73459321,11/19/2013,"Hernandez, English and Yoder Manning, Parker and Fleming",10.0,450.27,45.03,495.3
28590433,09/27/2016,Hoffman Inc,10.0,41.28,4.13,45.41
27188556,03/10/2019,Washington and Sons,10.0,16913.21,1691.32,18604.53
23993628,05/29/2012,Contreras-Torres,10.0,113.85,11.38,125.23
65917154,03/25/2019,"Reid, Owens and Miller Key-Fisher",10.0,2591.75,259.18,2850.93
44897195,09/04/2018,"Rodriguez, Fleming and Flores",10.0,17.47,1.75,19.22
72677375,08/04/2013,"Potter, Jackson and Brooks Gonzalez-Stephens",10.0,479.95,48.0,527.94
12877828,01/28/2017,"Perez, Bell and Smith Woods Ltd",10.0,366.35,36.64,402.99
75399670,03/25/2012,"Hernandez, Murphy and Saunders",10.0,223.89,22.39,246.28
77728243,07/10/2011,"Edwards, Harris and Brown",10.0,1340.0,134.0,1474.0
33102457,09/18/2018,"Harris LLC Pierce, Bush and Jones",10.0,16619.31,1661.93,18281.24
35163496,10/28/2019,Holland LLC,10.0,720.09,72.01,792.1
81133446,10/05/2018,Espinoza-Doyle,10.0,51.0,5.1,56.1
92627663,05/12/2018,"Nguyen, Ray and Allen",10.0,21322.39,2132.24,23454.63
15318030,05/10/2012,"Mosley, Ortega and Lynch",10.0,2282.91,228.29,2511.2
22862792,04/19/2013,"Coleman, Casey and Austin",10.0,15797.91,1579.79,17377.7
16773532,04/30/2020,"White, Young and Johnson Wheeler, Lopez and Watts",10.0,919.84,91.98,1011.82
50554106,12/17/2012,Brown-Carr,10.0,2160.0,216.0,2376.0
97802815,02/27/2013,Bolton-Jackson,10.0,509.99,51.0,560.99
77307465,08/12/2014,Moore and Sons,10.0,172.72,17.27,189.99
20583097,09/16/2019,Jones PLC,10.0,107.75,10.78,118.53
64218159,11/09/2013,"Mata, Pena and Avery",10.0,58.79,5.88,64.67
59781795,01/12/2017,"Bender, Burgess and King",10.0,179.96,18.0,197.96
66585788,03/18/2012,"Andersen, Wilkinson and Robles Martinez-Bennett",10.0,25.77,2.58,28.35
68251548,10/07/2019,UM,10.0,144.0,14.4,158.4
39760888,07/20/2017,Yates and Sons,10.0,130.0,13.0,143.0
16662010,08/28/2016,Snyder-Johnson,10.0,2053.73,205.37,2259.1
95296819,06/19/2011,Benjamin-Aguilar,10.0,16101.14,1610.11,17711.25
47486295,05/24/2021,Curtis-Wiggins,10.0,625.0,62.5,687.5
65028137,01/03/2014,Townsend-Mitchell,10.0,89.95,9.0,98.95
24206086,05/24/2012,Weber-Roy,10.0,8.0,0.8,8.8
74330913,10/22/2017,Wilson-Hanson,,,,
48186352,06/10/2013,Gonzalez-Brown,10.0,873.96,87.4,961.36
25210895,05/14/2019,Lyons Inc Watson-Blanchard,10.0,80.96,8.1,89.06
61249473,12/02/2015,Sloan and Sons,10.0,4284.85,428.49,4713.34
27006132,09/18/2017,"White, Hayes and Blackwell",10.0,4808.99,480.9,5289.89
92631946,09/05/2020,"Alexander, Gibson and Le",10.0,1047.49,104.75,1152.24
78190005,01/09/2016,Medina and Sons,10.0,3769.55,376.96,4146.51
69703455,02/06/2014,"Hendricks, Hart and Miller",10.0,3643.01,364.3,4007.31
17045625,11/01/2017,Davidson-Martinez,10.0,28.24,2.82,31.06
49565075,10/28/2019,Kane-Morgan Garcia Inc,10.0,87.94,8.79,96.73
65128151,07/18/2014,"Miller, Wright and Clark Rogers, Floyd and Smith",10.0,68.7,6.87,75.57
63433526,09/08/2017,Hudson Ltd,10.0,520.0,52.0,572.0
26675003,10/24/2012,Hayes Inc,10.0,46.32,4.63,50.95
13310164,01/16/2020,UM,10.0,3250.0,325.0,3575.0
23152691,08/01/2015,Stout-Miller,10.0,4348.82,434.88,4783.7
29593215,11/20/2017,"Hooper Group Washington, Robertson and Howard",10.0,420.88,42.09,462.97
25681210,08/21/2016,Wilson-Gibson,10.0,49731.67,4973.17,54704.84
94027975,07/22/2014,Taylor-Levy,10.0,79.96,8.0,87.96
65498230,02/16/2021,Edwards-Archer,10.0,45.5,4.55,50.05
25698672,08/01/2015,"Gordon, Alvarado and Jones Manning-Ho",10.0,115.45,11.55,127.0
43813549,08/07/2018,Navarro-Webb,10.0,165.66,16.57,182.23
99116837,12/21/2012,Matthews Ltd,10.0,4268.19,426.82,4695.01
49822251,02/21/2015,Espinoza LLC,10.0,247.94,24.79,272.73
14165207,02/13/2014,"Adkins, Hodges and Hawkins",10.0,88.87,8.89,97.76
13865937,10/05/2014,Butler LLC,10.0,326.6,32.66,359.26
40949664,05/12/2020,"Smith, Johnson and Moore Taylor PLC",10.0,382.95,38.3,421.25
25596256,10/14/2020,"Choi Inc Boyd, Davis and Mason",10.0,420.7,42.07,462.77
49923258,10/26/2011,Roth-Smith,10.0,1075.0,107.5,1182.5
92802196,04/09/2017,Phillips Group,10.0,624.32,62.43,686.75
32135544,08/16/2014,Lucas-Barnett,10.0,122.36,12.24,134.6
24060857,07/09/2015,"Gonzalez, Bauer and Taylor Collins-Williams",10.0,261.41,26.14,287.55
25604558,03/08/2015,Taylor and Sons,10.0,278.93,27.89,306.82
20385371,11/08/2014,Smith-Hobbs,10.0,1479.96,148.0,1627.96
56943461,12/05/2015,Qty UM,10.0,9600.0,960.0,10560.0
38680884,12/22/2015,"Taylor, Padilla and Carson",10.0,101.94,10.19,112.13
85163803,04/23/2014,"Collins, Moody and Green",10.0,11919.48,1191.95,13111.43
37959814,07/12/2013,Hopkins-Moreno,10.0,6623.62,662.36,7285.98
12590251,,Logan-Rodriguez,10.0,2034.5,203.45,2237.95
25222301,06/02/2017,"Moody, Thompson and Evans",10.0,16573.5,1657.35,18230.85
38086377,04/22/2018,Martinez-Casey,10.0,377.9,37.79,415.69
15801054,09/08/2015,"Jones-Frazier Byrd, Harper and Maddox",10.0,246.31,24.63,270.94
29075921,05/24/2021,May LLC,10.0,18000.0,1800.0,19800.0
79064100,05/25/2018,Love Inc Brown and Sons,10.0,84.44,8.44,92.88
87101999,01/28/2013,"Young, Nielsen and Bryant",10.0,539.97,54.0,593.97
44848471,03/26/2021,"Roth, Morris and Schultz",10.0,23.98,2.4,26.38
74576933,02/20/2018,Torres Ltd,10.0,656.12,65.61,721.73
57478727,08/12/2011,"Berry, Lopez and Jordan",10.0,50772.39,5077.24,55849.63
28807915,06/10/2020,Dixon-Thompson,10.0,157.76,15.78,173.54
76330023,05/04/2018,Obrien Ltd,10.0,435.0,43.5,478.5
78566408,03/18/2016,Adams and Sons,10.0,207.89,20.79,228.68
53737787,12/08/2011,Qty UM,10.0,65.88,6.59,72.47
12007995,04/08/2012,"Jenkins, Cobb and Woods",10.0,20.0,2.0,22.0
29113910,11/19/2019,"Hurst, Reed and Wright",10.0,351.01,35.1,386.11
60263180,10/11/2012,Johnson Inc,10.0,56.4,5.64,62.04
35850942,11/26/2015,Phillips LLC,10.0,32129.92,3212.99,35342.91
95537278,11/10/2019,Chavez-Wilcox,10.0,631.73,63.17,694.9
48385116,12/05/2012,"Alexander, Gardner and Clark",10.0,2504.91,250.49,2755.4
10819011,02/09/2018,King-Harris,10.0,510.64,51.06,561.7
99935945,03/19/2014,Myers PLC,10.0,1226.44,122.64,1349.08
63246591,01/07/2020,Williams-Jimenez,,,,
54896869,01/20/2019,Odonnell-Kirk,10.0,30479.42,3047.94,33527.36
18670724,02/02/2018,"Fisher, Gonzalez and Garcia",10.0,2219.83,221.98,2441.81
91134042,02/12/2013,York-Crawford,10.0,93.0,9.3,102.3
61942465,08/27/2012,Jones Ltd,10.0,40.0,4.0,44.0
14845988,,Porter-Martinez,10.0,1505.88,150.59,1656.47
95566234,12/25/2012,"Jones, Green and Nolan",10.0,392.93,39.29,432.22
22819126,09/05/2012,Jimenez-Jones Rojas and Sons,10.0,3589.95,359.0,3948.94
34528548,11/02/2015,Huerta Ltd,10.0,729.75,72.98,802.73
86780085,08/23/2011,"Kirk, Collins and Henson",10.0,7909.67,790.97,8700.64
53339803,09/11/2018,"Ball, Smith and Rhodes",10.0,15300.0,1530.0,16830.0
72346654,10/25/2015,Perez Group,10.0,6757.46,675.75,7433.21
12222347,03/18/2017,Wilson PLC,10.0,123.75,12.38,136.12
83876203,03/29/2019,"Rodriguez, Davis and Lee",10.0,254.84,25.48,280.32
51890008,10/21/2020,Burke Ltd Velasquez-Lopez,10.0,1378.98,137.9,1516.88
93356118,06/14/2013,"Simon-Colon Robinson, Cannon and Ray",10.0,8768.98,876.9,9645.88
55236311,10/21/2017,Ward-Lindsey,10.0,126.96,12.7,139.66
15203117,05/10/2019,"Howell, Bryant and Martinez",10.0,23.2,2.32,25.52
74898182,10/24/2017,"Jennings, Hall and Mccoy",10.0,3545.22,354.52,3899.74
22749826,02/11/2017,Russell PLC,10.0,150.38,15.04,165.42
66043700,09/08/2014,"Martinez, Tran and Anderson Goodwin-Campbell",10.0,1139.95,114.0,1253.95
12947568,11/10/2018,Net price,10.0,250.0,25.0,275.0
11489615,07/06/2016,Fields and Sons,10.0,11.04,1.1,12.14
96503490,03/06/2013,"Wright, Martin and Carter Schneider Ltd",10.0,14709.0,1470.9,16179.9
42242778,03/05/2017,"Moore, Hall and Figueroa",10.0,24161.6,2416.16,26577.76
70699664,10/28/2017,"Hess, Douglas and Blackburn",10.0,2320.93,232.09,2553.02
40046347,07/28/2011,"Schneider, Carr and Vazquez",10.0,118.94,11.89,130.83
68743594,11/14/2015,Green-Schmidt,10.0,41.77,4.18,45.95
42781500,01/19/2015,"Taylor, Keller and Nichols",10.0,48702.56,4870.26,53572.82
67300087,03/16/2018,Barrett-Harris,10.0,20372.16,2037.22,22409.38
76588527,11/21/2018,Kirby-Charles,10.0,679.96,68.0,747.96
83613779,06/25/2014,"Larson-Grant Weiss, Beard and Ayala",10.0,815.93,81.59,897.52
58715920,,Moore Inc,10.0,17445.25,1744.53,19189.78
67743685,01/24/2018,"Reed, Hall and Brown",10.0,225.31,22.53,247.84
53065226,12/23/2016,"Brown, Wilson and Robertson",10.0,12500.0,1250.0,13750.0
14037981,04/13/2021,"Berg, Lang and Maynard",10.0,504.88,50.49,555.37
72481334,08/18/2013,"Fleming, Hopkins and Ward",10.0,270.0,27.0,297.0
96448980,04/03/2013,Duarte Ltd,10.0,576.93,57.69,634.62
43417184,01/15/2017,Garner-Robinson,10.0,308.9,30.89,339.79
11637316,03/21/2015,"Farmer, Pennington and Osborn",10.0,3763.69,376.37,4140.06
64713590,03/02/2017,Wang-Tran Larson-Hill,10.0,26.4,2.64,29.04
23908850,04/08/2016,"Meza, Long and",10.0,35.96,3.6,39.56
64291160,02/17/2016,Weiss-Thomas,10.0,135.0,13.5,148.5
56192997,08/16/2019,"Ingram, Mcdaniel and Wilson",10.0,549.95,55.0,604.95
64994538,03/12/2017,Qty UM,10.0,27463.78,2746.38,30210.16
61527431,08/24/2016,"Mckay Inc Gilbert, Guerrero and Johnson",10.0,9381.0,938.1,10319.1
75050384,03/04/2012,"Richards, Cole and Young",10.0,23042.2,2304.22,25346.42
23710540,,"Wang, Mann and Johnson",10.0,45.63,4.56,50.19
74782862,02/17/2012,"Chavez, Harrell and Parker",10.0,1514.0,151.4,1665.4
77310109,12/03/2020,Cole Group,10.0,4156.7,415.67,4572.37
16979918,02/18/2018,"Patterson, Trevino and Browning",10.0,218.64,21.86,240.5
86504530,08/03/2014,"Campbell, Hernandez and Myers Ward, Stewart and Bennett",10.0,19078.52,1907.85,20986.37
25784321,04/08/2021,"Mercer, Castro and Sanchez Chavez, Allison and Evans",10.0,5033.54,503.35,5536.89
76272465,,Mcdonald-Green,10.0,604.99,60.5,665.49
86164702,05/15/2020,"Hernandez, Wright and Pena",10.0,649.95,65.0,714.95
49380136,02/21/2019,Hughes-Raymond,10.0,11.5,1.15,12.65
26343874,07/17/2013,Herring-Floyd,10.0,1245.0,124.5,1369.5
45072501,04/29/2017,Sanford-Huffman,10.0,145.22,14.52,159.74
14693250,07/17/2019,Bailey LLC,10.0,255.31,25.53,280.84
77097467,05/03/2019,"Monroe, Dillon and Henderson Lopez, Jordan and Jimenez",10.0,6369.92,636.99,7006.91
91300640,01/07/2015,"Arnold, Mccall and Briggs",10.0,3479.98,348.0,3827.98
30955348,02/08/2014,"Fox, Munoz and Brown",10.0,249.98,25.0,274.98
92059706,04/28/2017,"Archer, Davis and Hudson Barton, Decker and Ferguson",10.0,3489.88,348.99,3838.87
83087418,08/21/2019,"Kemp, Barber and Hanson",10.0,44015.12,4401.51,48416.63
81163184,10/23/2017,Hoffman-Daniel,10.0,3.96,0.4,4.36
57696752,10/03/2017,"Lopez-Smith Rodriguez, Grant and Green",10.0,2032.0,203.2,2235.2
70231143,10/29/2012,Qty UM,10.0,14488.75,1448.88,15937.62
70710512,08/05/2013,"Smith, Hernandez and Trujillo",10.0,255.2,25.52,280.72
28294642,04/26/2018,Meyer-Ramirez,10.0,597.0,59.7,656.7
29907458,04/26/2017,Carpenter LLC,10.0,377.83,37.78,415.61
39571754,07/03/2013,"Hernandez, Barber and Jones Hall-Skinner",10.0,6950.2,695.02,7645.22
34218641,02/25/2017,Reynolds-Mccoy,10.0,209.66,20.97,230.63
99788357,10/14/2018,"Lee-Everett Valdez, Young and Ingram",10.0,3.96,0.4,4.36
59051048,12/12/2015,Gardner LLC,10.0,267.52,26.75,294.27
35989405,08/24/2016,"Scott, Clark and Gonzalez",10.0,5750.0,575.0,6325.0
94133236,12/12/2019,Jefferson Group,10.0,103986.8,10398.68,114385.48
56514066,05/14/2014,Keller Inc,10.0,44.89,4.49,49.38
60866416,02/17/2021,Arnold PLC,10.0,258.96,25.9,284.86
80150256,07/24/2017,"Jenkins, Green and Strickland Perkins PLC",10.0,95.32,9.53,104.85
43040851,05/30/2019,"Spencer, Lopez and Bowers",10.0,27487.25,2748.73,30235.97
77029419,,"Mclaughlin, Meza and Wood",10.0,181.5,18.15,199.65
11460594,04/09/2016,Reyes-Ellis Walsh-Pearson,10.0,580.52,58.05,638.57
76619276,11/16/2011,Morgan Ltd,10.0,312.61,31.26,343.87
37598290,09/04/2016,"Kent, Russell and Dixon",10.0,120.0,12.0,132.0
37481348,09/13/2014,"Johnson, Price and Lane",,,,
15686725,03/11/2021,"Davidson, Smith and Gill",10.0,85850.39,8585.04,94435.43
87278875,07/06/2019,"Jackson-Martinez Foster, Travis and Harris",10.0,68.74,6.87,75.61
22553110,07/26/2011,Black LLC,10.0,543.44,54.34,597.78
52557179,08/22/2012,Gonzalez-Ross,10.0,27346.9,2734.69,30081.59
92564069,09/14/2018,Holland PLC,10.0,1.98,0.2,2.18
31045620,05/03/2021,Cox LLC,10.0,1854.4,185.44,2039.84
69652053,11/19/2014,"Sanders, Reed and Olson Avila Group",10.0,13723.69,1372.37,15096.06
13044521,01/02/2013,Johnson Group Garcia and Sons,10.0,48253.6,4825.36,53078.96
19570656,04/05/2016,Schneider-Garrison,10.0,59.98,6.0,65.98
23285582,12/19/2015,UM,10.0,34624.3,3462.43,38086.73
64661204,12/19/2016,Wilson PLC,10.0,2256.0,225.6,2481.6
83087619,05/06/2019,Turner-Wilkins,10.0,77.61,7.76,85.37
60605668,09/27/2017,Foster-Beard,10.0,5542.99,554.3,6097.29
29515593,03/21/2021,"Thompson, Jackson and Ware Foster-Nelson",10.0,300.26,30.03,330.29
94098997,10/04/2020,Ashley-Perry,10.0,13846.77,1384.68,15231.45
94223548,11/19/2012,Brock-Walker,10.0,4018.9,401.89,4420.79
93281048,11/27/2017,"Benson, Medina and Hamilton",10.0,38789.83,3878.98,42668.81
57567230,02/20/2020,Benson and Sons,10.0,1800.0,180.0,1980.0
53551787,08/12/2019,Schneider Inc,10.0,44.95,4.5,49.45
88072177,02/08/2019,White Group Cruz-Clark,10.0,176.87,17.69,194.56
93697303,03/20/2014,"Cox, Franklin and Wood",10.0,698.65,69.86,768.51
36475327,08/23/2020,Mendoza-Scott,10.0,5095.59,509.56,5605.15
49848653,05/15/2018,UM,10.0,147.22,14.72,161.94
65524700,02/23/2020,Hall-Cole,10.0,9379.05,937.9,10316.95
12456262,02/22/2012,Medina-Kennedy,10.0,58.64,5.86,64.5
23004223,03/05/2020,Gomez Ltd,10.0,7.5,0.75,8.25
13194726,05/29/2021,Sims PLC,10.0,16.99,1.7,18.69
39623428,11/23/2019,Smith-Ross,10.0,53.64,5.36,59.0
81978187,01/17/2013,Johnson Ltd,10.0,113.45,11.35,124.8
68350338,04/25/2012,"Chapman, Scott and Jennings",10.0,8230.21,823.02,9053.23
18650156,03/23/2020,Rodriguez LLC,,,,
53575326,11/18/2018,Gay Group Smith Inc,10.0,7160.42,716.04,7876.46
68043569,09/09/2011,David-Rhodes,10.0,881.64,88.16,969.8
39652805,03/20/2020,Hancock LLC,10.0,299.99,30.0,329.99
84663031,08/02/2020,Berry-Barnes,10.0,114.62,11.46,126.08
13304079,11/12/2011,Carter-Hill,10.0,2000.0,200.0,2200.0
81040846,02/07/2021,"Gibson-Gonzalez Osborne, Mcdonald and Hamilton",10.0,341.7,34.17,375.87
61479635,07/02/2018,"Green, Kelly and Matthews",10.0,29.95,3.0,32.95
49153414,03/25/2019,Owen Inc,10.0,23024.0,2302.4,25326.4
70646996,12/04/2018,Rogers Inc,10.0,88.48,8.85,97.33
29378439,09/16/2011,"Andrade-Bennett Robinson, Brown and Oliver",10.0,355.56,35.56,391.12
44868919,02/08/2020,"Cantrell, Barnes and Miller Craig, Fox and Anderson",10.0,437.99,43.8,481.79
18309452,03/01/2016,Hunt-Hernandez,10.0,7700.57,770.06,8470.63
20290421,06/22/2011,"Ayers, Williams and Medina",10.0,288.4,28.84,317.24
95877096,07/01/2016,"Allen, Johnson and Edwards Gomez, Mercado and Nichols",10.0,481.73,48.17,529.9
23287155,11/07/2018,"Ramsey, Herring and Wyatt",10.0,11284.07,1128.41,12412.48
74336205,10/17/2016,Chen-Garcia,10.0,7249.07,724.91,7973.98
89528165,12/30/2019,"Fuller, Martin and Hays",10.0,33.0,3.3,36.3
92321765,11/19/2016,Perry and Sons,10.0,75.95,7.6,83.55
76778037,03/15/2021,Smith and Sons,10.0,690.03,69.0,759.03
98542442,07/25/2018,"Eaton, Lane and Robinson",10.0,599.7,59.97,659.67
74494433,09/12/2017,Mcintosh-Macdonald,10.0,3644.31,364.43,4008.74
24048799,05/21/2014,"Williams, Fletcher and Taylor",10.0,4.95,0.5,5.45
96609211,03/16/2013,Barrett-Smith Love Inc,10.0,246.47,24.65,271.12
97833274,09/03/2014,"Wilcox, Turner and Porter",10.0,400.0,40.0,440.0
60595703,08/13/2019,Gibbs Ltd,10.0,7822.74,782.27,8605.01
60795755,11/30/2011,Fritz Group,10.0,26.8,2.68,29.48
71999960,,Chapman Group,10.0,1734.25,173.43,1907.67
74467550,04/04/2017,"Johnson, Brown and Chapman",10.0,8.18,0.82,9.0
56159495,04/01/2012,Jackson Ltd,10.0,119.95,12.0,131.94
52574707,04/12/2019,Williams-Lewis,10.0,655.06,65.51,720.57
93035437,07/23/2017,Barber LLC Matthews-Bautista,10.0,40238.62,4023.86,44262.48
52661039,06/27/2017,"Ortiz, Alvarez and Davis Castro-Medina",10.0,496.51,49.65,546.16
77596491,01/31/2021,Stephenson Inc,10.0,22.68,2.27,24.95
68094256,02/18/2016,Briggs Inc,10.0,2928.75,292.88,3221.62
35293120,08/09/2018,Reynolds Inc,10.0,4389.97,439.0,4828.97
33696326,,Turner-Wilson,10.0,29659.39,2965.94,32625.33
57475368,06/19/2020,"Hayes-Sanders Warren, Campbell and Cohen",10.0,1339.82,133.98,1473.8
39080216,09/26/2017,Hawkins-Watts,10.0,213.09,21.31,234.4
63042822,06/04/2014,Ramirez and Sons Harrison LLC,10.0,1527.97,152.8,1680.77
54299574,11/20/2013,Ortega-Ramos,10.0,30770.06,3077.01,33847.07
62312762,03/08/2019,Dalton-Pope,10.0,981.89,98.19,1080.08
47602389,03/22/2015,Roberts Inc,10.0,16784.67,1678.47,18463.14
87873157,05/09/2017,Martin-Allison,10.0,6.0,0.6,6.6
48190115,02/15/2013,"Wilson, Sanders and Smith Medina-Robinson",10.0,1137.05,113.7,1250.75
73144550,01/31/2012,Rodriguez-Sherman,10.0,57.56,5.76,63.32
67973203,09/03/2012,UM,10.0,318.4,31.84,350.24
57770024,12/12/2020,Lopez LLC,10.0,8018.86,801.89,8820.75
92034501,12/12/2015,"Rodriguez, Johnson and David",10.0,796.0,79.6,875.6
36529974,07/22/2017,"Morris, Trujillo and Rhodes",10.0,2332.81,233.28,2566.09
46460686,12/23/2017,"Caldwell, Whitehead and Schwartz",10.0,16792.36,1679.24,18471.6
32357396,04/19/2020,Becker LLC,10.0,57071.42,5707.14,62778.56
51295021,01/05/2017,Sims-Olson Martinez-English,10.0,8415.08,841.51,9256.59
59150399,10/13/2014,Silva Inc,10.0,126.72,12.67,139.39
84652373,02/23/2021,Clark-Foster,10.0,42.32,4.23,46.55
46301857,04/08/2017,"Murphy-Sanders Parker, Graham and Swanson",10.0,59.35,5.94,65.28
33931957,12/17/2015,Rojas-Cook Cohen LLC,10.0,25.0,2.5,27.5
56427222,11/26/2018,"Padilla, Webb and Pearson Marsh-Kennedy",10.0,279.94,27.99,307.93
67117171,01/27/2021,"Gilmore, Brady and Carter Phillips-Moreno",10.0,156.56,15.66,172.22
40700258,12/27/2013,"Maxwell Inc Schmidt, Brooks and Petersen",10.0,467.29,46.73,514.02
42498094,03/21/2017,Brown-Vazquez,10.0,128.97,12.9,141.87
77980602,05/07/2017,Hoffman-Foley,10.0,285.7,28.57,314.27
86268868,03/30/2012,"Adams, Holmes and Cruz",10.0,33587.47,3358.75,36946.22
66017174,03/26/2021,"Richards, Johnson and Harper",10.0,5353.45,535.35,5888.8
35302925,12/18/2012,Melton-Gutierrez,10.0,18125.64,1812.56,19938.2
99749241,05/07/2017,Brooks Ltd,10.0,32451.84,3245.18,35697.02
72128555,12/25/2013,Duncan-Davis,10.0,665.76,66.58,732.34
26388025,09/01/2018,Robertson-Davis,10.0,18.84,1.88,20.72
87655538,12/16/2018,"Roth, Key and Hubbard",10.0,775.96,77.6,853.56
65863078,03/16/2017,Mcmahon-Shelton,10.0,1675.82,167.58,1843.4
30231187,07/22/2011,"Smith, Johnson and Cannon Sanchez-Wilson",10.0,129.91,12.99,142.9
25939833,03/28/2014,Peterson Ltd,10.0,1401.15,140.12,1541.27
22323078,05/11/2016,UM,10.0,119.93,11.99,131.92
46939079,04/26/2018,"Clark, Greene and Lewis",10.0,38.8,3.88,42.68
44337721,05/02/2017,"Carlson Ltd Dorsey, Gomez and Chen",10.0,369.3,36.93,406.23
74322107,02/02/2016,Taylor Ltd,10.0,61.96,6.2,68.16
39489564,06/20/2015,Martin PLC,10.0,306.77,30.68,337.45
37995856,06/05/2017,Turner-Lee,10.0,79.98,8.0,87.98
56987614,07/03/2019,Wright-Lee,10.0,269.11,26.91,296.02
43494216,,Lopez Ltd,10.0,4886.88,488.69,5375.57
38510682,09/05/2011,Sanchez Inc,10.0,675.98,67.6,743.58
55623924,03/13/2015,Lopez Inc,10.0,4739.91,473.99,5213.9
59326638,05/27/2013,"Ashley-Shaw Huber, Walker and Mullins",10.0,143.98,14.4,158.38
52316398,06/03/2012,English Inc,10.0,10576.05,1057.61,11633.65
32762320,12/04/2016,Santos PLC,10.0,1.99,0.2,2.19
71433151,12/16/2020,Sanchez Ltd,10.0,7260.32,726.03,7986.35
61852578,07/05/2011,"Foley-Alexander Smith, Lyons and White",10.0,959.99,96.0,1055.99
37451664,06/11/2020,"Williams, Schneider and Gomez",10.0,139.93,13.99,153.92
26363966,06/13/2016,Fox Inc,10.0,294.4,29.44,323.84
99741629,10/12/2020,"Bean, Cunningham and Taylor",10.0,413.4,41.34,454.74
92651511,,Macdonald Ltd,10.0,12714.86,1271.49,13986.35
42535887,09/04/2014,Bean and Sons,10.0,799.95,80.0,879.95
65428348,07/27/2017,UM,10.0,65.0,6.5,71.5
62842838,08/27/2019,"Carson, Holder and Roberts Hill-Garcia",10.0,18828.0,1882.8,20710.8
63279232,04/24/2017,Jones-Black,10.0,298.36,29.84,328.2
27216737,05/23/2018,"Nicholson, Hamilton and Holder Campbell and Sons",10.0,16873.96,1687.4,18561.36
18884359,09/04/2015,"Tran PLC Fields, Bennett and Dodson",10.0,11479.77,1147.98,12627.75
11898657,07/29/2020,"Evans, Andrade",10.0,76.0,7.6,83.6
45767415,05/28/2015,"Douglas, Padilla and Hinton",10.0,107.94,10.79,118.73
49089384,08/17/2014,Glover and Sons,10.0,35.85,3.59,39.44
70722751,11/29/2018,UM,10.0,53.93,5.39,59.32
48239873,09/19/2016,Briggs Inc,10.0,88.65,8.87,97.52
43674884,04/22/2014,"Stokes, Cain and Fox",10.0,26.97,2.7,29.67
34476404,07/24/2018,Ellis and Sons,10.0,31350.98,3135.1,34486.08
30592071,08/22/2016,Woods PLC,10.0,130.0,13.0,143.0
87456388,02/10/2012,Marshall and Sons,10.0,258.78,25.88,284.66
61965030,10/11/2016,"Rodriguez, Morales and Rogers Daniels-Farrell",10.0,34.14,3.41,37.55
60907167,09/02/2013,Freeman-Taylor,10.0,1831.85,183.19,2015.03
87280945,03/05/2012,UM,10.0,995.96,99.6,1095.56
58777305,04/12/2018,"Thomas and Sons Martin, Lowe and Alvarado",10.0,96438.12,9643.81,106081.93
21722776,11/05/2019,Montgomery Ltd Williams-Foster,10.0,1989.75,198.98,2188.72
82017885,01/20/2012,"Webb, Bradshaw and Keller",10.0,930.85,93.09,1023.94
98424808,03/26/2019,Higgins-Rhodes,10.0,15283.36,1528.34,16811.7
40394912,03/23/2020,Cross-Estrada,10.0,1245.0,124.5,1369.5
73019594,05/11/2020,Jenkins PLC,10.0,903.6,90.36,993.96
82786776,09/26/2018,Brown Ltd,10.0,147.93,14.79,162.72
73285932,07/25/2017,"Merritt, Williams and Young Olson, Cisneros and Moore",10.0,615.88,61.59,677.47
48650328,01/23/2019,Steele PLC,10.0,1388.2,138.82,1527.02
90508672,04/16/2020,Shaw Group,10.0,6411.35,641.14,7052.49
57168813,10/01/2017,Oconnor Inc,10.0,17.97,1.8,19.77
57976720,01/02/2018,"Casey, Watkins and Delgado",10.0,832.92,83.29,916.21
73074953,11/10/2015,Ferguson-Garcia,10.0,1182.92,118.29,1301.21
36279024,08/18/2014,"Baker, Michael and Martin Werner-Castillo",10.0,1141.06,114.11,1255.17
95825613,04/15/2017,"Carter, Mueller and Clark",10.0,47112.1,4711.21,51823.31
41290662,08/31/2014,Hernandez PLC,10.0,59.92,5.99,65.91
53831875,02/12/2017,Qty UM,10.0,394.42,39.44,433.86
93910733,01/18/2018,"Reid, Ryan and Butler",10.0,4221.04,422.1,4643.14
84991865,03/18/2012,Sanchez-Bean,10.0,89.78,8.98,98.76
87958388,04/11/2016,Jackson-Cardenas,10.0,4637.97,463.8,5101.77
74980573,09/27/2015,Zimmerman and Sons,10.0,173.87,17.39,191.26
48531206,08/03/2019,"Le, Lawson and Rios",10.0,5587.91,558.79,6146.7
19537372,07/28/2012,Rodriguez Ltd,10.0,5469.85,546.99,6016.84
28935386,02/25/2017,"Bishop Group Mayer, Richardson and Gamble",10.0,2870.01,287.0,3157.01
24734743,12/13/2015,Gross PLC,10.0,36.0,3.6,39.6
24364764,04/04/2012,Martinez LLC Brown-Sullivan,10.0,47.67,4.77,52.44
36187296,01/05/2017,White Ltd,10.0,116.0,11.6,127.6
43846862,01/10/2017,"Elliott, Moreno and Garcia",10.0,409.99,41.0,450.99
69087856,02/20/2020,James PLC,10.0,27024.0,2702.4,29726.4
87519797,05/13/2013,Navarro Inc Dawson Inc,10.0,373.24,37.32,410.56
87428284,06/17/2015,"Meza, Harrison and Campbell",10.0,19.56,1.96,21.52
27485789,10/14/2013,"Lopez, Thompson and Thomas",10.0,641.75,64.17,705.92
61113263,02/04/2014,"Thomas-Andrade Macdonald, Bentley and Nguyen",10.0,23935.84,2393.58,26329.42
70370075,09/19/2015,Kim PLC Smith Ltd,10.0,58886.3,5888.63,64774.93
60860535,09/14/2015,Lamb Group,10.0,139.97,14.0,153.97
76880869,08/13/2018,"Walker, Anderson and Medina",10.0,4637.86,463.79,5101.65
85736423,10/06/2019,Flynn-Anderson,10.0,559.96,56.0,615.96
51089508,12/30/2018,"Sullivan, Li and Lindsey Matthews, Taylor and Robinson",10.0,3867.63,386.76,4254.39
58379529,05/31/2011,Tanner Inc,10.0,2667.91,266.79,2934.7
66525131,07/26/2014,Moreno PLC,10.0,67.96,6.8,74.76
56576694,11/11/2017,Brown-Schmitt,10.0,24.32,2.43,26.75
78605417,08/07/2017,Wilson-Hernandez,10.0,656.46,65.65,722.11
89681299,12/28/2014,Stone-Gentry,10.0,36.0,3.6,39.6
16131761,12/04/2015,Watts-Glover,10.0,361.96,36.2,398.16
52230192,08/10/2012,"Campbell-Gordon Smith, Richardson and Brown",10.0,15553.6,1555.36,17108.96
15883673,05/20/2012,UM,10.0,160.0,16.0,176.0
37877758,07/02/2014,"Jordan, Jones and Rodriguez",10.0,43018.47,4301.85,47320.32
98919360,04/24/2021,"Wright, Yang and Riddle",10.0,175.0,17.5,192.5
45175273,,"Smith, Fox and Castaneda",10.0,701.4,70.14,771.54
78321725,06/21/2015,Ross-Fernandez,10.0,136.54,13.65,150.19
36268429,12/09/2013,"Kennedy, Murphy and Park",10.0,2790.7,279.07,3069.77
30208398,05/24/2019,"Green, Scott and Miller",10.0,40.25,4.03,44.27
36526167,01/05/2013,"Mahoney, Bird and Gonzalez",10.0,134.72,13.47,148.19
99053443,06/04/2019,"Walters, Cantu and Duran",10.0,208.9,20.89,229.79
98224499,11/15/2012,Mullen-Fields,10.0,19.99,2.0,21.99
46506594,03/12/2012,Castaneda LLC,10.0,494.95,49.5,544.44
72869097,03/23/2021,Johnson-Jacobson,10.0,637.93,63.79,701.72
43437889,12/06/2019,Gallagher LLC,10.0,4882.97,488.3,5371.27
85473134,04/24/2017,Saunders-Lee Molina Inc,10.0,808.87,80.89,889.76
73707762,12/13/2017,Oneill Inc,10.0,151.0,15.1,166.1
76229289,12/04/2018,Rodriguez and Sons,10.0,5149.91,514.99,5664.9
69990274,07/21/2019,Salazar Inc,10.0,394.93,39.49,434.42
61111603,08/08/2012,"Mack-Jones Olsen, Williams and Adams",10.0,278.58,27.86,306.44
89909949,01/04/2017,Bullock-Terry,10.0,245.42,24.54,269.96
48757480,02/28/2021,"Murray, Deleon and Larson Hogan, House and Braun",10.0,245.71,24.57,270.28
66002809,11/07/2017,Chen-Higgins,10.0,80.0,8.0,88.0
53272540,12/16/2015,"Cabrera, Todd and Anderson",10.0,353.88,35.39,389.27
65981953,05/14/2020,Jackson-Holland,10.0,934.87,93.49,1028.36
47725399,05/14/2013,"Pope, Yang and Farley",10.0,2965.47,296.55,3262.02
30126821,11/27/2014,Holt-Snow,10.0,4838.25,483.83,5322.07
52721574,04/13/2019,Robertson Inc,10.0,249.99,25.0,274.99
61264237,10/25/2020,Cisneros Group,10.0,228.0,22.8,250.8
62472177,11/27/2018,Anderson-Scott,10.0,74098.4,7409.84,81508.24
21097773,01/05/2020,Becker Group,10.0,19.98,2.0,21.98
70184923,08/15/2020,Gonzalez Inc,10.0,80.0,8.0,88.0
18999056,07/29/2011,Thompson PLC,10.0,149.97,15.0,164.97
40122783,12/03/2019,Contreras-Gray,10.0,24.45,2.45,26.89
67095041,12/14/2018,"Bernard, Welch and Freeman",10.0,79.96,8.0,87.96
46569899,10/14/2018,"Cooper PLC Harris, Robles and Martinez",10.0,2134.62,213.46,2348.08
72415673,10/29/2011,"Serrano, Willis and Ellison",10.0,55971.36,5597.14,61568.5
85395957,01/02/2019,"Morgan, Johnson and Lee",10.0,291.5,29.15,320.65
68298216,07/16/2011,"Smith, Le and Johnson",10.0,49.95,5.0,54.95
43106482,06/15/2019,"Vincent, Johnson and Cortez",10.0,268.58,26.86,295.44
83514460,06/10/2019,"Hawkins, Howard and Acosta Mason Group",10.0,359.99,36.0,395.99
41893391,08/08/2015,"Charles, Vazquez and Fernandez",10.0,1307.46,130.75,1438.21
65051504,07/15/2014,"Rodriguez, Myers and Robinson",10.0,7680.8,768.08,8448.88
37984067,09/27/2020,Allison Group,10.0,6.0,0.6,6.6
60050779,08/10/2020,Phillips-Bradford,10.0,59.97,6.0,65.97
65923175,12/13/2019,Huber-Johnson,10.0,810.0,81.0,891.0
94198533,08/03/2015,Brooks Group,10.0,809.67,80.97,890.64
17695664,02/27/2015,Clay-Johnson,10.0,24.45,2.45,26.89
39190235,02/18/2019,"Rich, White and Ryan Mitchell, Knight and Hale",10.0,2278.89,227.89,2506.78
65059169,09/12/2018,Smith Group,10.0,924.95,92.5,1017.45
86736203,05/20/2013,Salinas Ltd,10.0,14158.28,1415.83,15574.11
67615206,05/01/2017,"Jimenez, Young and Carpenter",10.0,3376.82,337.68,3714.5
54569960,12/06/2020,"Jones, Butler and Olson",10.0,293.74,29.37,323.11
50712639,01/10/2021,"Smith, Blackburn and Barton Harris-Barrera",10.0,189.55,18.96,208.51
34108072,10/05/2014,Mcclure-Thompson,10.0,165.0,16.5,181.5
69614664,11/28/2011,"Olson, Simon and Smith",10.0,17.9,1.79,19.69
78265258,09/26/2016,Patel Group,10.0,35.96,3.6,39.56
83155269,10/27/2020,"Powell, Norman and Parsons",10.0,295.0,29.5,324.5
91287532,06/22/2016,Allen-Ward,10.0,184.92,18.49,203.41
63960251,11/15/2019,"Stewart-Ruiz Hill, Williams and Knight",10.0,329.01,32.9,361.91
61026262,08/03/2013,"Wood, Williams and Lozano",10.0,2384.8,238.48,2623.28
28428192,07/16/2015,"Gray-Dean Mills, Campos and Freeman",10.0,5841.25,584.12,6425.38
91484809,04/05/2013,"Ramirez, Jones and Anderson Lopez Inc",10.0,74084.01,7408.4,81492.41
64480147,04/09/2012,"Leonard, Torres and Sutton",10.0,2769.87,276.99,3046.86
36063205,01/06/2016,Webster Group,10.0,100.0,10.0,110.0
79128264,12/31/2014,"Pearson, Gibbs and Ayala",10.0,348.16,34.82,382.98
89299747,04/14/2018,Cox LLC,10.0,177.25,17.73,194.97
69607855,08/02/2014,Wright LLC,10.0,20600.0,2060.0,22660.0
19512841,06/18/2012,Fleming Ltd,10.0,1002.64,100.26,1102.9
58805260,03/07/2019,"James, Johnson and Martin",10.0,5458.46,545.85,6004.31
23385207,06/23/2012,"Williams, Yang and Jackson",10.0,240.0,24.0,264.0
72492750,02/03/2013,Gomez Ltd,10.0,343.2,34.32,377.52
98497640,06/22/2019,"Carter, Welch and Ryan",,,,
19852419,12/11/2020,Sanders and Sons,10.0,2040.0,204.0,2244.0
47703225,06/18/2018,Green Ltd,10.0,17808.0,1780.8,19588.8
89790497,10/02/2020,Net price,10.0,60.0,6.0,66.0
42485588,03/15/2012,Knight-Brown,10.0,99.92,9.99,109.91
68868961,03/06/2014,Gray LLC,10.0,1145.0,114.5,1259.5
35963820,07/22/2020,Spears-Wilson,10.0,16.36,1.64,18.0
94786467,11/19/2013,Gordon PLC,10.0,7708.25,770.83,8479.08
37292788,07/12/2013,Bennett-Sanchez Riley-Miller,10.0,109.55,10.96,120.5
52301916,10/20/2014,Rose LLC Sullivan Ltd,10.0,188.66,18.87,207.53
62515232,11/14/2019,Yang LLC,10.0,13577.03,1357.7,14934.73
27543706,07/20/2020,Holland PLC,10.0,44364.64,4436.46,48801.1
67123367,03/19/2020,Hernandez LLC,10.0,1009.95,101.0,1110.95
79036267,09/16/2016,"Anderson, Gentry and Williams Bradley-Daniel",10.0,1069.65,106.97,1176.62
49360354,05/03/2017,"Armstrong Inc Yu, Williams and Barry",10.0,358.35,35.84,394.19
78984257,10/20/2019,Petersen-Best,10.0,27698.43,2769.84,30468.27
86561552,03/09/2018,Taylor-Howard,10.0,3004.71,300.47,3305.18
95707254,07/20/2020,"Cobb, Allen and Diaz Carr, Odom and Jones",10.0,275.07,27.51,302.58
39714865,09/08/2018,"Anderson, Hunt and Delgado Jordan-Spencer",10.0,186.27,18.63,204.9
34916768,11/03/2013,Carlson-Caldwell Bryan-Armstrong,10.0,1189.43,118.94,1308.37
62788012,03/12/2013,"Anderson, Webb and Perkins",10.0,199.9,19.99,219.89
65882528,01/08/2014,"Hale, Adams and Kramer",10.0,5.97,0.6,6.57
92964019,01/23/2013,Williams Inc,10.0,47.8,4.78,52.58
29494035,04/09/2016,Kim-Mueller,10.0,1989.92,198.99,2188.91
45279263,02/18/2013,"Sanchez, Watson and Turner",10.0,22.86,2.29,25.15
99530936,08/24/2019,Qty UM,10.0,5032.91,503.29,5536.2
28661957,04/07/2013,"Harris, Walker and Lopez",10.0,298.9,29.89,328.79
47015720,01/29/2019,"Huber, Graves and Jensen Robbins, Kelley and Lewis",10.0,249.89,24.99,274.88
65345089,12/24/2020,Whitaker-Kelly,10.0,1395.52,139.55,1535.07
97830664,09/04/2015,Walls Group,10.0,11403.31,1140.33,12543.64
69057610,08/20/2013,Frazier-Davis,10.0,15936.26,1593.63,17529.89
44649974,11/27/2012,Lopez and Sons,10.0,200.0,20.0,220.0
55735711,11/03/2017,"Reese, Henderson and Pollard Mathis-Berry",10.0,47906.6,4790.66,52697.26
10503434,10/14/2020,Tucker-Castillo,10.0,79.99,8.0,87.99
53543863,07/09/2020,Mclean-Chaney,10.0,1638.66,163.87,1802.53
99988020,07/03/2013,Harvey-Palmer,10.0,4499.95,450.0,4949.94
21024792,02/23/2013,Peterson-Taylor,10.0,5.8,0.58,6.38
79493856,08/08/2012,Wilson Inc,10.0,179.99,18.0,197.99
83505253,05/19/2014,"Cooper, Cox and Hernandez Reeves LLC",10.0,373.8,37.38,411.18
65507091,07/30/2014,Hensley LLC,10.0,61429.21,6142.92,67572.13
90265578,12/29/2017,Martin-Morgan,10.0,995.67,99.57,1095.24
60038342,01/02/2018,"Gregory, Whitney and Smith",10.0,60.0,6.0,66.0
44910862,03/19/2017,Everett Group,10.0,232.16,23.22,255.38
12323459,08/04/2013,Moore-Scott,10.0,74.25,7.43,81.67
87454899,01/18/2014,Brown and Sons,10.0,249.95,25.0,274.94
11926242,03/01/2012,Turner Inc,10.0,3.5,0.35,3.85
74337375,,"Garrett, Simmons and Smith",10.0,174.15,17.42,191.56
47291856,04/26/2018,"Williams, May and Wilson Lewis, Hale and Dickerson",10.0,46.23,4.62,50.85
14361748,09/09/2018,"Becker, Day and Macias",10.0,374.87,37.49,412.36
17014325,03/16/2017,Hancock-Shields,10.0,620.0,62.0,682.0
48682438,03/01/2020,Cox Ltd,10.0,64.6,6.46,71.06
83186249,03/06/2014,Moody LLC,10.0,8275.87,827.59,9103.46
72256079,04/01/2018,Hanna-Tapia,10.0,832.92,83.29,916.21
54212825,05/01/2015,Hutchinson PLC Chapman-Long,10.0,501.4,50.14,551.54
90188228,03/28/2016,Baker-Smith Lozano-Lindsey,10.0,321.51,32.15,353.66
23706524,12/15/2013,Walker LLC,10.0,132.97,13.3,146.27
94689364,01/12/2015,Wilson PLC,10.0,33776.06,3377.61,37153.67
55979366,01/21/2016,Gonzalez-Aguilar,10.0,164.45,16.45,180.89
51594396,12/10/2016,Duffy-Lawrence,10.0,5048.18,504.82,5553.0
88273503,01/17/2021,Rodriguez-Jennings,10.0,499.98,50.0,549.98
69045418,06/09/2015,Zavala-Brooks,10.0,24.49,2.45,26.94
73316184,01/22/2018,Shaffer-Levy,10.0,228.44,22.84,251.28
19136863,11/15/2013,"Avila, Garcia and Murray",10.0,2291.85,229.19,2521.03
71185820,05/16/2015,Mayer Ltd,10.0,23.75,2.38,26.12
59612541,08/24/2016,Flynn-Walton,10.0,19172.64,1917.26,21089.9
43066287,12/03/2011,"Williams, Rowland and Lee",10.0,316.53,31.65,348.18
88351693,09/01/2014,Taylor-Moore,10.0,410.0,41.0,451.0
76658127,10/23/2011,Sherman PLC,10.0,55.96,5.6,61.56
96900726,05/11/2014,"Williams, Smith and Welch Nielsen-Phillips",10.0,89.96,9.0,98.96
11187242,02/25/2020,Lee Ltd,10.0,40.47,4.05,44.52
70471446,03/16/2019,"Gonzalez, Jacobs and Williams",10.0,388.0,38.8,426.8
36433509,03/29/2021,"Miller, Myers and Bean",10.0,11.6,1.16,12.76
90253965,05/23/2013,"Rios-Ramirez Tate, Scott and Kennedy",10.0,24252.0,2425.2,26677.2
59628193,12/19/2019,"Chandler, Campbell and Smith",10.0,29891.64,2989.16,32880.8
52786363,06/11/2011,Villanueva-Gonzalez,10.0,23.18,2.32,25.5
41250328,08/25/2017,George-Johnson,10.0,810.0,81.0,891.0
61268082,10/23/2013,Garcia Group,10.0,12.73,1.27,14.0
15691351,05/10/2015,Haynes-Robles Garza LLC,10.0,17588.55,1758.86,19347.4
61660848,05/30/2019,Robbins Group,10.0,24.12,2.41,26.53
49740963,08/22/2017,Moore Ltd,10.0,39.98,4.0,43.98
98852451,09/02/2019,"Peterson LLC Patterson, Pierce and Fuentes",10.0,3773.85,377.38,4151.23
93493698,04/05/2015,Gilbert-Colon,10.0,255.0,25.5,280.5
95163776,07/10/2016,Banks Group,10.0,664.75,66.48,731.23
37999492,10/22/2017,"Jones, Miller and Yoder",10.0,4499.25,449.93,4949.18
29712721,05/04/2021,Holder-Mcdowell,10.0,85.98,8.6,94.58
83237973,05/03/2018,Keller-Hahn,10.0,59.95,6.0,65.95
79637771,09/26/2011,Tran PLC,10.0,50344.33,5034.43,55378.76
23777462,11/04/2016,Walker-Arias,10.0,207.67,20.77,228.44
83917328,04/23/2015,"Weaver, Coleman and Wright",10.0,6.08,0.61,6.69
41942687,09/01/2016,Armstrong-Mitchell,10.0,256.9,25.69,282.59
94215570,11/05/2017,"Cole, Lee and Long",10.0,9.98,1.0,10.98
75499908,11/15/2017,Daniel LLC,10.0,249.95,25.0,274.94
23897213,07/14/2019,Aguirre Ltd,10.0,23.68,2.37,26.05
29333870,03/06/2021,Castillo-Obrien,10.0,9.99,1.0,10.99
45325258,02/13/2012,Vasquez PLC,10.0,1655.89,165.59,1821.48
33270121,10/03/2019,"Francis, Baker and Nunez",10.0,9.95,0.99,10.94
15001300,02/18/2014,"Kerr, Ryan and Gomez Mason Ltd",10.0,297.35,29.74,327.09
24467788,12/09/2016,Rodriguez-Anderson,10.0,1035.0,103.5,1138.5
86447617,01/11/2020,Harris Group,10.0,259.98,26.0,285.98
68899128,10/15/2013,"Werner, Gilmore and Martin",10.0,1053.99,105.4,1159.39
80036269,02/27/2018,"Hull, Page and Perez",10.0,72035.24,7203.52,79238.76
43292704,06/20/2015,Ball-King Stewart-Moyer,10.0,97891.59,9789.16,107680.75
51508002,05/19/2015,Joseph PLC,10.0,59.97,6.0,65.97
59540671,09/23/2012,"Garcia, Wheeler and Johnston",10.0,145.27,14.53,159.8
96569585,04/17/2020,Meadows-Young,10.0,249.47,24.95,274.42
38096197,02/23/2019,Morgan LLC,10.0,24.75,2.48,27.23
14875723,04/11/2014,Perkins LLC,10.0,24173.78,2417.38,26591.16
42063568,06/21/2016,Kim-Anderson,10.0,499.99,50.0,549.99
58126171,08/14/2015,Richards and Sons,10.0,8756.25,875.62,9631.88
98858130,01/28/2021,"Rodriguez, Hall and Tanner",10.0,401.88,40.19,442.07
77164038,04/15/2021,Myers-Brooks,10.0,82.43,8.24,90.67
30885203,03/28/2020,Mays and Sons,10.0,24.0,2.4,26.4
24342647,05/07/2020,UM,10.0,112.98,11.3,124.28
32075407,04/16/2017,"Stephens, Thompson and Cooper",10.0,3809.95,381.0,4190.94
23128566,08/27/2020,Martinez-Silva,10.0,17.96,1.8,19.76
42321277,03/04/2015,Brady-Mills Ewing-Young,10.0,769.91,76.99,846.9
32530432,11/11/2014,Barnes PLC,10.0,5088.78,508.88,5597.66
11036543,06/25/2017,Brooks-Tate Jackson Inc,10.0,334.97,33.5,368.47
61637938,05/10/2014,"Mcmillan, Hanna and Grant",10.0,275.0,27.5,302.5
20369343,02/19/2021,Rhodes-Wright,10.0,31.98,3.2,35.18
22537855,07/03/2013,"Wilson, Wagner and Newman",10.0,9599.09,959.91,10559.0
80273553,11/26/2012,"Gray, Conway and Burke",10.0,29.85,2.99,32.84
89404218,10/17/2017,Rivera LLC Zamora-Robbins,10.0,458.11,45.81,503.92
92751876,02/14/2013,Welch Ltd,10.0,35.96,3.6,39.56
66789639,09/19/2011,Ferguson and Sons,10.0,271.29,27.13,298.42
35382296,09/07/2016,UM,10.0,1754.75,175.48,1930.22
44909511,02/14/2015,Burns Ltd,10.0,9.84,0.98,10.82
16925671,07/14/2012,"Robertson, Morton and Levine",10.0,50.0,5.0,55.0
54350218,07/29/2018,"Richards, Pittman and Scott",10.0,438.41,43.84,482.25
47156580,11/09/2011,Bailey Group,10.0,119.98,12.0,131.98
17599610,10/11/2013,"Nash, Benitez and Johnston",10.0,33.03,3.3,36.33
79434652,06/22/2013,Keller Inc,10.0,210.11,21.01,231.12
29180375,10/30/2011,"Browning, Johnson and Graham",10.0,263.8,26.38,290.18
61782695,05/15/2017,"Silva, Warren and York",10.0,67113.17,6711.32,73824.49
60416276,04/01/2016,Juarez PLC,10.0,26.97,2.7,29.67
85315696,,Spears-Martinez,10.0,27.0,2.7,29.7
84422507,12/08/2019,"Watson, White and Lawrence",10.0,4794.87,479.49,5274.36
56323869,04/24/2015,"Lopez, Bailey and White",10.0,28.2,2.82,31.02
54394190,02/23/2021,Allen Inc,10.0,3359.94,335.99,3695.93
90834323,07/27/2011,"Burgess, Hoover and Ho",10.0,43.43,4.34,47.77
66389180,07/30/2016,Murphy LLC,10.0,265.38,26.54,291.92
10942693,06/13/2018,Lopez-Garcia,10.0,19228.78,1922.88,21151.66
93300746,02/11/2013,"Pena, Hernandez and Miller",10.0,331.94,33.19,365.13
90418276,09/06/2016,"Ramirez, Riggs and Rosario",10.0,7641.32,764.13,8405.45
83347787,06/05/2013,Lyons-Manning,10.0,17.88,1.79,19.67
22883270,06/20/2018,Jordan LLC,10.0,4993.95,499.39,5493.34
48402876,02/06/2020,Stone-Ruiz Chapman-Pineda,10.0,4198.86,419.89,4618.75
38870308,08/01/2019,"Ramirez, Donaldson and Lane",10.0,298.94,29.89,328.83
29470022,02/17/2019,Sanchez Group Estrada-Vasquez,10.0,522.28,52.23,574.51
26622011,01/08/2020,Bird-Mccormick,10.0,897.0,89.7,986.7
77939527,10/21/2013,Russo-Sexton,10.0,22.45,2.25,24.7
16692901,04/03/2018,Tucker-Diaz,10.0,71.94,7.19,79.13
40631256,02/05/2014,Russell-Jackson,10.0,64.95,6.5,71.45
72759914,05/22/2014,"Fisher, Gonzalez and Burgess",10.0,60558.58,6055.86,66614.44
92354720,07/05/2018,Randolph Inc,10.0,513.64,51.36,565.0
14878236,04/26/2015,"Hernandez, Coleman and Alvarado Turner-Green",10.0,516.81,51.68,568.49
26413291,01/17/2019,Net price,10.0,17.5,1.75,19.25
57168941,10/19/2020,Brown Ltd,10.0,1473.07,147.31,1620.38
82339928,12/19/2016,"Wright, Chung and Mason Lam-Mccormick",10.0,13397.44,1339.74,14737.18
38392535,12/01/2018,Qty UM,10.0,540.0,54.0,594.0
84408619,08/19/2019,Chang-Doyle,10.0,241.6,24.16,265.76
69816333,07/07/2014,Mclaughlin-Mendoza,10.0,180.0,18.0,198.0
27344877,07/15/2019,Branch LLC Rivers-Williams,10.0,436.69,43.67,480.36
72024579,01/25/2021,"Fernandez, Allison and Rodriguez",10.0,163.41,16.34,179.75
17545286,03/23/2012,Obrien Group,10.0,35455.09,3545.51,39000.6
91394927,09/04/2018,Burke-Reynolds,10.0,18728.36,1872.84,20601.2
94052403,03/30/2021,"Hines, Ingram and Fisher",10.0,113403.32,11340.33,124743.65
41884162,12/21/2016,Christian-Taylor,10.0,29.85,2.99,32.84
86602235,04/03/2021,Barnes-Morton,10.0,3390.85,339.09,3729.93
23048796,09/15/2020,"Chavez, Cooley and Snyder",10.0,165.0,16.5,181.5
50027163,02/24/2012,"Hill, Cortez and Hays",10.0,9877.48,987.75,10865.23
74221189,10/26/2015,Perry Inc Caldwell-Jordan,10.0,238.88,23.89,262.77
76671573,04/08/2012,"Smith, Landry and Ruiz",10.0,9.78,0.98,10.76
79426901,02/09/2015,Perez PLC,10.0,2999.95,300.0,3299.94
84231664,04/26/2012,"Mills, Stephenson and Watkins",10.0,3037.07,303.71,3340.78
62256280,11/08/2020,Myers Inc Cook-Smith,10.0,2700.0,270.0,2970.0
40259650,06/08/2019,Mills Inc,10.0,140.09,14.01,154.1
20237936,11/08/2020,Jackson PLC,10.0,389.91,38.99,428.9
13891625,10/14/2017,"Chang, Moore and Faulkner",10.0,7034.27,703.43,7737.7
99763738,06/14/2017,"Franklin, Alexander and Ford",10.0,366.59,36.66,403.25
59506052,12/24/2018,Christian-Gardner,10.0,1100.0,110.0,1210.0
94666143,10/11/2013,"Montgomery, Macias and Hines",10.0,10629.74,1062.97,11692.71
68766191,09/26/2012,Ellison-Simpson,10.0,1000.0,100.0,1100.0
91966464,08/24/2020,Taylor and Sons Hays and Sons,10.0,1267.95,126.8,1394.75
76533932,10/29/2016,Houston-Ortiz,10.0,114.75,11.48,126.22
64678621,09/06/2014,Becker Group,10.0,19.0,1.9,20.9
51608394,04/17/2015,"Mays, Garner and Jordan Kramer-Moody",10.0,907.75,90.78,998.52
15259432,02/06/2016,"Ford, Myers and Walton",10.0,74.99,7.5,82.49
54661411,07/29/2020,Powell-Floyd,10.0,7200.53,720.05,7920.58
32530472,08/27/2015,Williams-Lucero,10.0,170.0,17.0,187.0
25078556,,Lambert PLC,10.0,1209.13,120.91,1330.04
15288019,09/07/2014,Wilson-Wilson,10.0,1.55,0.16,1.71
57468195,12/25/2013,"Hutchinson, Williams and Wilson Adams-Campbell",10.0,89.62,8.96,98.58
70922221,05/30/2021,Miller LLC,10.0,39000.0,3900.0,42900.0
97286997,07/07/2020,"Patton, Terry and Franco",10.0,202.09,20.21,222.3
71349588,01/12/2014,UM,10.0,375.18,37.52,412.7
94914402,05/25/2016,UM,10.0,232.4,23.24,255.64
10357282,,Medina-Phillips,10.0,134.57,13.46,148.03
87734908,12/19/2019,"Chase, Green and Bailey Buckley, Wright and Chase",10.0,5.98,0.6,6.58
90118586,08/21/2017,Taylor and Sons Obrien Ltd,10.0,274.13,27.41,301.54
91781923,03/09/2013,Lopez PLC,10.0,5634.9,563.49,6198.39
95592218,03/09/2017,"Galloway, Robinson and Rice",10.0,18.49,1.85,20.34
85432283,12/13/2014,Thompson-Perry,10.0,113.91,11.39,125.3
56967329,05/18/2013,"Phillips, Bennett and Flores Archer-Harper",10.0,140.64,14.06,154.7
58751726,10/09/2018,"Campbell-Schmidt Singleton, Perry and Brown",10.0,2089.12,208.91,2298.03
59070830,11/25/2020,"Yang, Hicks and Thomas",10.0,651.3,65.13,716.43
60882295,12/11/2013,Palmer-Johnson,10.0,98.97,9.9,108.87
53391878,09/06/2017,"Conner, Price and Melendez",10.0,11.95,1.2,13.14
91858806,03/05/2012,Decker-Martinez,10.0,189.98,19.0,208.98
99034529,08/16/2011,Allen-Alvarez,10.0,618.49,61.85,680.34
81149702,02/05/2012,"Sanchez, Miller and Mitchell",10.0,840.4,84.04,924.44
58097062,04/05/2013,Harper-Flynn,10.0,3600.0,360.0,3960.0
19091235,04/22/2020,King PLC,10.0,22.71,2.27,24.98
93769983,06/01/2019,"Jones, Swanson",10.0,26309.4,2630.94,28940.34
33587413,11/23/2018,"Edwards, King a",10.0,39000.0,3900.0,42900.0
89969473,10/29/2016,"Johnson-Martin Deleon, Davila and Allen",10.0,725.37,72.54,797.91
35712927,05/02/2018,"Cook, Duncan and Martin",10.0,757.38,75.74,833.12
76654515,04/09/2012,Lopez-Nguyen,10.0,64.11,6.41,70.52
61874671,07/26/2018,Garcia-Jones,10.0,284.48,28.45,312.93
56908352,01/11/2015,"Lozano, Wang and Smith Evans, Curtis and Salinas",10.0,171.01,17.1,188.11
76628307,05/05/2019,"Medina, Moss and Martin",10.0,1425.0,142.5,1567.5
71449499,09/09/2015,Peters-Santiago,10.0,175.47,17.55,193.02
29534383,05/30/2017,"Smith, Herrera and Graves",10.0,329.34,32.93,362.27
23894332,06/16/2015,Mora-Manning,10.0,42880.54,4288.05,47168.59
77404624,10/20/2014,"Sheppard, Guerrero and Castillo",10.0,279.9,27.99,307.89
18975369,05/26/2021,"Padilla, Mccarthy and Gonzales Parker-Fowler",10.0,140.0,14.0,154.0
65166425,11/14/2020,Gutierrez-Williams,10.0,125.94,12.59,138.53
27301261,10/09/2012,Net price,10.0,225.0,22.5,247.5
33907816,02/11/2013,Bryant LLC,10.0,21743.51,2174.35,23917.86
77015917,12/21/2017,"Ray, Hurst and Cruz",10.0,99.95,10.0,109.95
34521296,07/21/2018,"Lee, Murphy and Carrillo",10.0,4848.11,484.81,5332.92
33085665,11/07/2011,UM,10.0,930.85,93.09,1023.94
97022721,04/28/2019,Brown Ltd,10.0,500.0,50.0,550.0
40044178,04/05/2019,Valenzuela PLC Wilson Group,10.0,1881.12,188.11,2069.23
24902792,02/27/2015,"Morrow, Heath and Gonzales",10.0,18973.88,1897.39,20871.27
43546497,08/26/2017,Ramos-Gomez Davis Ltd,10.0,33.68,3.37,37.05
20591219,01/12/2019,Black-Jackson,10.0,22.45,2.25,24.7
35797032,10/06/2015,"Todd PLC Davis, Henderson and Nguyen",10.0,855.0,85.5,940.5
37702939,03/02/2013,Martinez Inc Lopez Inc,10.0,399.75,39.98,439.73
17945455,04/08/2018,David Ltd,10.0,1874.25,187.43,2061.68
93132815,09/07/2019,Lucas-Lewis Price-Bennett,10.0,226.98,22.7,249.68
64690034,09/06/2014,"Martinez, Ward and Martinez",10.0,7575.0,757.5,8332.5
11101593,05/18/2015,"Hood, Ruiz and Williams Carter Ltd",10.0,19.94,1.99,21.93
56414170,12/17/2016,Espinoza Group Rice-Ruiz,10.0,268.68,26.87,295.55
35806662,01/27/2021,Fields-Ward Matthews-Rodriguez,10.0,2779.72,277.97,3057.69
81296657,09/14/2018,Gordon-James,10.0,59.91,5.99,65.9
63028625,02/19/2019,"Cummings, Lynn and Moran Barker LLC",10.0,2089.91,208.99,2298.9
97154949,12/27/2015,"Barber, Arnold and Patton",10.0,1374.98,137.5,1512.48
17887323,02/09/2018,Smith Inc,10.0,6453.12,645.31,7098.43
17619666,03/09/2020,English-Brown,10.0,37654.0,3765.4,41419.4
33385243,09/25/2013,"Coffey-Smith Russo, Fernandez and May",10.0,2636.5,263.65,2900.15
78962884,,Anderson-Rodriguez,10.0,371.86,37.19,409.05
96382825,05/03/2018,Howard Ltd,10.0,16065.51,1606.55,17672.06
84077104,09/01/2013,Johnson LLC,10.0,105.16,10.52,115.68
94959966,03/14/2013,"Underwood, Ryan and Kelley",10.0,155.67,15.57,171.24
10299181,04/13/2020,Tran-Dunn Barber Inc,10.0,2598.95,259.89,2858.84
87388122,10/07/2018,Tapia Inc,10.0,706.49,70.65,777.14
20297202,04/28/2018,"Mitchell, Fletcher and Smith",10.0,17.88,1.79,19.67
77169807,05/13/2018,Williams Group,10.0,40.0,4.0,44.0
80797635,11/22/2014,Decker Group,10.0,20.0,2.0,22.0
68688408,03/20/2016,"Dennis, Levy and Bowen",10.0,82.97,8.3,91.27
90841776,01/12/2019,Brennan-Smith,10.0,100.0,10.0,110.0
65545038,06/21/2018,Reyes Ltd Roberts-Kelly,10.0,382.17,38.22,420.39
15005739,04/19/2012,Long Group,10.0,520.0,52.0,572.0
18531177,04/30/2015,"Bird, Bates and Johnston",10.0,222.91,22.29,245.2
70123184,01/28/2016,"Kelly, Hernandez and Vaughan Cooley Ltd",10.0,681.81,68.18,749.99
35603644,04/09/2013,Bailey-Young,10.0,51.96,5.2,57.16
64103969,11/28/2015,Le and Sons,10.0,153.97,15.4,169.37
94041746,10/16/2011,Rogers PLC,10.0,34.96,3.5,38.46
99106655,06/12/2017,Thomas-Vazquez,10.0,221.54,22.15,243.69
49929761,02/04/2021,"Anderson, Davidson and Webster",10.0,3459.66,345.97,3805.63
